CHP_ID	Chinese_herbal_pieces	Chinese_synonyms	Pinyin_term	English_term	Sources
CHP03120	阿勃勒	腊肠果|婆罗门皂荚|阿勃勒子	a bo lei	Cassia fistula	Viridiplantae
CHP00001	阿尔泰多榔菊	多榔菊	a er tai duo lang ju	Doronicum altaicum	Viridiplantae
CHP06241	阿拉伯胶		a la bo jiao	Senegalia senegal	Viridiplantae
CHP06242	阿拉伯胶树汁		a la bo jiao shu zhi	Senegalia senegal	Viridiplantae
CHP06366	阿里红		a li hong	Fomes fomentarius	Fungi
CHP06288	阿摩尼亚脂		a mo ni ya zhi	Ferula ammoniacum	Viridiplantae
CHP06246	阿纳其根	阿那其根皮|阿那其根	a na qi gen	Anacyclus pyrethrum	Viridiplantae
CHP00003	阿魏	臭阿魏|阿魏根|新疆阿魏	a wei	Ferula assa-foetida	Viridiplantae
CHP00035	阿魏子	臭阿魏子	a wei zi	Ferula sinkiangensis	Viridiplantae
CHP00004	阿育魏实		a yu wei shi	Trachyspermum ammi	Viridiplantae
CHP00014	艾叶	艾绒|艾|艾叶油|艾把|艾蒿	ai ye	Artemisia argyi	Viridiplantae
CHP00019	安息香		an xi xiang	Styrax benzoin	Viridiplantae
CHP00030	八角茴香	八角茴香油|白木香	ba jiao hui xiang	Illicium verum	Viridiplantae
CHP00037	巴豆	生巴豆|哥伦比亚巴豆|毛叶巴豆	ba dou	Croton tiglium	Viridiplantae
CHP00048	菝葜	蔓九节|金刚藤|菝葜根|欧菝葜根	ba qia	Smilax china	Viridiplantae
CHP00059	白菖	水菖蒲|菖蒲|藏菖蒲	bai chang	Acorus calamus	Viridiplantae
CHP00071	白饭豆	红菜豆|菜豆|菜豆粉|红罗菜豆|菜豆仁	bai fan dou	Phaseolus vulgaris	Viridiplantae
CHP00090	白花丹		bai hua dan	Plumbago zeylanica	Viridiplantae
CHP00099	白及	欧白及|白芨|兰屿白芨	bai ji	Bletilla striata	Viridiplantae
CHP00102	白芥子		bai jie zi	Sinapis alba	Viridiplantae
CHP05955	白蜡树子		bai la shu zi	Fraxinus chinensis	Viridiplantae
CHP06140	白石脂		bai shi zhi	Halloysite	Mineral
CHP06212	白糖	红糖|冰糖|糖浆|甘蔗糖|红块糖	bai tang	Saccharum officinarum	Viridiplantae
CHP00146	白头翁		bai tou weng	Pulsatilla chinensis	Viridiplantae
CHP00147	白头翁花		bai tou weng hua	Pulsatilla chinensis	Viridiplantae
CHP05753	斑鸠	斑鸠肉	ban jiu	Streptopelia orientalis	Metazoa
CHP00191	斑鸠菊		ban jiu ju	Strobocalyx esculenta	Viridiplantae
CHP05754	斑蝥	斑螫|斑螯|斑蟊	ban mao	Mylabris cichorii	Metazoa
CHP00543	板蓝根	木板蓝根|板蓝板|木大青叶|板兰根|蓼大青叶|蓝根|大青叶	ban lan gen	Isatis tinctoria	Viridiplantae
CHP00216	薄荷	薄荷油|薄荷冰|薄荷脑|兴安薄荷|薄荷水|薄荷香|薄荷素油|薄菏	bo he	Mentha x piperita	Viridiplantae
CHP00238	荜茇	荜苃|荜茇油|草爰|草拨|筚茇|荜拔|荜菝	bi ba	Piper longum	Viridiplantae
CHP00239	荜茇根	荜苃根	bi ba gen	Piper longum	Viridiplantae
CHP00240	荜澄茄	山苍子|豆豉姜|山鸡椒	bi cheng jia	Litsea cubeba	Viridiplantae
CHP00245	蓖麻油		bi ma you	Ricinus communis	Viridiplantae
CHP00246	蓖麻子	蓖麻仁|蓖麻籽	bi ma zi	Ricinus communis	Viridiplantae
CHP00274	槟榔	摈榔|大腹皮|枣槟榔|槟榔子|槟榔胶|槟榔花	bing lang	Areca catechu	Viridiplantae
CHP02410	冰片	龙脑|龙脑膏香|梅花冰片	bing pian	Dryobalanops aromatica	Viridiplantae
CHP06208	兵豆		bing dou	Lens culinaris	Viridiplantae
CHP06323	波斯阿魏		bo si a wei	Ferula persica	Viridiplantae
CHP00281	菠菜		bo cai	Spinacia oleracea	Viridiplantae
CHP00282	菠菜子		bo cai zi	Spinacia oleracea	Viridiplantae
CHP00284	播娘蒿	葶苈草|独行菜	bo niang hao	Descurainia sophia	Viridiplantae
CHP00288	补骨脂	盐补骨脂|补骨子	bu gu zhi	Cullen corylifolium	Viridiplantae
CHP00289	补血草	中华补血草	bu xue cao	Limonium gmelinii	Viridiplantae
CHP05774	蚕蛹	蚕茧|蚕丝|蚕丝粉	can yong	Bombyx mori	Metazoa
CHP00306	西红花	番红花|藏红花	zang hong hua	Crocus sativus	Viridiplantae
CHP00308	藏青果	西青果	zang qing guo	Terminalia chebula	Viridiplantae
CHP00315	草豆蔻	小草蔻	cao dou kou	Alpinia hainanensis	Viridiplantae
CHP00316	草果	草果子|草果仁	cao guo	Wurfbainia villosa	Viridiplantae
CHP00339	柴桂	三条筋	chai gui	Cinnamomum tamala	Viridiplantae
CHP00355	车前草	车前草汁|车前|滇车前|平车前	che qian cao	Plantago major	Viridiplantae
CHP00356	车前子	盐车前子	che qian zi	Plantago major	Viridiplantae
CHP00360	沉香	白沉香|土沉香	chen xiang	Aquilaria sinensis	Viridiplantae
CHP00362	柽柳	柽柳子|西河柳|柽柳实	cheng liu	Tamarix chinensis	Viridiplantae
CHP06144	赤石脂	煅赤石脂	chi shi zhi	Kaolinite	Mineral
CHP00384	赤小豆	赤豆|红豆	chi xiao dou	Vigna angularis	Viridiplantae
CHP05790	虫白蜡	白蜡	chong bai la	Ericerus pela	Metazoa
CHP00389	臭柏	新疆圆柏实	chou bai	Juniperus sabina	Viridiplantae
CHP06145	磁石		ci shi	Magnetite	Mineral
CHP00451	刺李	酸梅	ci li	Prunus spinosa	Viridiplantae
CHP06224	刺糖		ci tang	Alhagi maurorum	Viridiplantae
CHP00513	大黄	制大黄|熟大黄|酒大黄|大黄药|掌叶大黄|大黄膏	dai huang	Rheum officinale	Viridiplantae
CHP06287	大戟脂	火秧力	da ji zhi	Euphorbia resinifera	Viridiplantae
CHP00520	大蓟	牛戳口	da ji	Cirsium japonicum	Viridiplantae
CHP00534	大麦	大麦粉|浮大麦	da mai	Hordeum vulgare	Viridiplantae
CHP06146	大青盐	石盐|青盐	da qing yan	Halite	Mineral
CHP00557	大蒜	紫皮大蒜|独头蒜|大蒜油	da suan	Allium sativum	Viridiplantae
CHP00608	大枣	大枣煎汁|红枣	da zao	Ziziphus jujuba	Viridiplantae
CHP06147	胆矾	胆帆	dan fan	Chalcanthite	Mineral
CHP00638	当归	不当归|分叉当归|酒当归|当归尾|当归油	dang gui	Angelica acutiloba	Viridiplantae
CHP00640	当药		dang yao	Swertia chinensis	Viridiplantae
CHP06248	德苦草		de ku cao	Centaurium erythraea	Viridiplantae
CHP05795	地龙	鲜地龙|蚯蚓|广地龙	di long	Aporrectodea caliginosa	Metazoa
CHP00756	颠茄	颠茄根|颠茄草	dian jia	Atropa belladonna	Viridiplantae
CHP00779	丁香	母丁香|丁香油酚|丁香罗勤油|丁香酚|公丁香	ding xiang	Syzygium aromaticum	Viridiplantae
CHP00784	丁香罗勒	毛叶西香罗勒|丁香罗勒油	ding xiang luo le	Ocimum gratissimum	Viridiplantae
CHP00821	冬葵子		dong kui zi	Malva verticillata	Viridiplantae
CHP00844	豆蔻	印豆蔻|白豆蔻|小豆蔻	dou kou	Elettaria cardamomum	Viridiplantae
CHP06285	毒鱼防己实		du yu fang ji shi	Anamirta cocculus	Viridiplantae
CHP06286	笃耨香子		du nou xiang zi	Pistacia terebinthus	Viridiplantae
CHP00948	莪术	郁金挥发油|片姜黄|郁金|广郁金|醋莪术|莪术油|温郁金|醋郁金|醋我术	e shu	Curcuma aeruginosa	Viridiplantae
CHP00972	儿茶	方儿茶	er cha	Senegalia catechu	Viridiplantae
CHP00997	番泻叶	尖叶番泻叶	fan xie ye	Senna alexandrina	Viridiplantae
CHP01019	飞燕草	飞蒸草	fei yan cao	Consolida ajacis	Viridiplantae
CHP05807	蜂蜜	蜂乳	feng mi	Apis mellifera	Metazoa
CHP01072	凤仙花		feng xian hua	Impatiens balsamina	Viridiplantae
CHP01073	凤仙透骨草	凤仙|急性子|鲜凤仙透骨草	feng xian tou gu cao	Impatiens balsamina	Viridiplantae
CHP01110	附子	漏篮子|生附子|川附子|天雄	fu zi	Aconitum carmichaelii	Viridiplantae
CHP01118	甘草	炙甘草|甘草胶|蜜甘草|甘草味胶|生甘草|甘草膏|光果甘草|土甘草	gan cao	Glycyrrhiza uralensis	Viridiplantae
CHP01119	甘草节	甘草根	gan cao jie	Glycyrrhiza uralensis	Viridiplantae
CHP01127	甘松	甘松油|毛甘松|匙叶甘松	gan song	Nardostachys jatamansi	Viridiplantae
CHP01138	橄榄	橄榄油	gan lan	Canarium album	Viridiplantae
CHP01146	干姜	干姜油|姜片|姜	gan jiang	Zingiber officinale	Viridiplantae
CHP01161	高良姜	良姜|高良姜油	gao liang jiang	Alpinia officinarum	Viridiplantae
CHP06343	鸽肉	鸽子肉	ge rou	Columba livia	Metazoa
CHP01183	茖葱	山蒜	ge cong	Allium victorialis	Viridiplantae
CHP01207	钩吻	常绿钩吻|胡蔓藤|断肠草	gou wen	Gelsemium sempervirens	Viridiplantae
CHP01236	枸杞子	鲜枸杞子	gou qi zi	Lycium barbarum	Viridiplantae
CHP01316	桂花		gui hua	Osmanthus fragrans	Viridiplantae
CHP01323	桂皮	桂皮油	gui pi	Cinnamomum insularimontanum	Viridiplantae
CHP01326	桂枝	桂子	gui zhi	Cinnamomum aromaticum	Viridiplantae
CHP05835	蛤壳	文蛤	ha ke	Meretrix lusoria	Metazoa
CHP01334	海带	昆布|裙带菜	hai dai	Saccharina japonica	Algae
CHP06355	海狸香		hai li xiang	Castor fiber	Metazoa
CHP05840	海马		hai ma	Hippocampus kuda	Metazoa
CHP05841	海螵蛸		hai piao shao	Sepia esculenta	Metazoa
CHP01350	旱芹	芹菜	han qin	Apium graveolens	Viridiplantae
CHP06211	旱芹根	芹菜根	han qin gen	Apium graveolens	Viridiplantae
CHP06210	旱芹子	野芹菜子|芹菜子	han qin zi	Apium graveolens	Viridiplantae
CHP01351	诃子	金诃子|黄诃子|卡布尔诃子|金色诃子|诃子仁|黄诃子皮	he zi 	Terminalia chebula	Viridiplantae
CHP01367	核桃仁	胡桃仁|核桃馏油|核桃|核桃油	he tao ren	Juglans regia	Viridiplantae
CHP01368	盒果藤	盒果藤根|盒果藤根皮	he guo teng	Operculina turpethum	Viridiplantae
CHP05848	黑蚂蚁		hei ma yi	Formica fusca	Metazoa
CHP01399	黑种草子		hei zhong cao zi	Nigella sativa	Viridiplantae
CHP01414	红豆蔻	大良姜|大高良姜	hong dou kou	Alpinia galanga	Viridiplantae
CHP01416	红豆杉		hong dou shan	Taxus chinensis	Viridiplantae
CHP01425	红花	精制红花油|草红花	hong hua	Carthamus tinctorius	Viridiplantae
CHP01440	红花子	红花子油	hong hua zi	Carthamus tinctorius	Viridiplantae
CHP01514	胡黄连	西藏胡黄连	hu huang lian	Picrorhiza kurrooa	Viridiplantae
CHP01515	胡椒	白胡椒|黑胡椒	hu jiao	Piper nigrum	Viridiplantae
CHP01516	胡芦巴	葫芦巴|胡卢巴|盐胡芦巴|胡芦巴子	hu lu ba	Trigonella foenum-graecum	Viridiplantae
CHP01517	胡萝卜	野胡萝卜	hu luo bo	Daucus carota	Viridiplantae
CHP01519	胡萝卜子	南鹤虱|野胡萝卜子|萝卜子	hu luo bo zi	Daucus carota	Viridiplantae
CHP01523	胡桃青皮	青龙衣	hu tao qing pi	Juglans regia	Viridiplantae
CHP01528	胡桐泪		hu tong lei	Populus euphratica	Viridiplantae
CHP01533	壶卢	生葫芦	hu lu	Lagenaria siceraria	Viridiplantae
CHP06157	琥珀	蜜蜡|焦琥珀	hu po	Amber	Mineral
CHP01561	花椒	山花椒|青花椒|川椒	hua jiao	Zanthoxylum bungeanum	Viridiplantae
CHP06159	滑石	滑石粉	hua shi	Talc	Mineral
CHP01644	黄瓜	黄瓜皮|黄瓜子	huang gua	Cucumis sativus	Viridiplantae
CHP06249	黄华柳	黄花柳	huang hua liu	Salix caprea	Viridiplantae
CHP01690	黄连	黄莲|萸黄连|峨嵋野黄连|三角叶黄连|云南黄连	huang lian	Coptis teeta	Viridiplantae
CHP01693	黄龙胆	欧龙胆	huang long dan	Gentiana lutea	Viridiplantae
CHP01735	黄蜀葵子	黄葵子	huang shu kui zi	Abelmoschus manihot	Viridiplantae
CHP01753	回回豆	鹰嘴豆	hui hui dou	Cicer arietinum	Viridiplantae
CHP01757	茴香	小茴香|茴香油|小茴香油|盐小茴香	hui xiang	Pimpinella anisum	Viridiplantae
CHP01758	茴香根	小茴香根皮	hui xiang gen	Anethum foeniculum	Viridiplantae
CHP01771	藿香	广藿香|土藿香|野藿香|广霍香|广藿香挥发油|广藿香油|广藿香叶	huo xiang	Pogostemon cablin	Viridiplantae
CHP01786	鸡冠花		ji guan hua	Celosia cristata	Viridiplantae
CHP05881	鸡内金	醋鸡内金|内金	ji na jin	Gallus gallus	Metazoa
CHP05878	鸡油		ji you	Gallus gallus	Metazoa
CHP05888	鸡子黄	鸡蛋黄	ji zi huang	Gallus gallus	Metazoa
CHP05889	鸡子壳	鸡蛋壳	ji zi ke	Gallus gallus	Metazoa
CHP01818	蒺藜	刺蒺藜|白蒺藜|蒺藜子|疾藜	ji li	Tribulus terrestris	Viridiplantae
CHP01834	夹竹桃		jia zhu tao	Nerium oleander	Viridiplantae
CHP01835	家独行菜	家独行菜子	jia du xing cai	Lepidium sativum	Viridiplantae
CHP01855	碱地马蔺	鸢尾根|鸢尾花|鸢尾花根	jian di ma lin	Iris halophila	Viridiplantae
CHP01864	姜黄		jiang huang	Curcuma longa	Viridiplantae
CHP01871	降香	降香油|降真香	jiang xiang	Aquilaria sinensis	Viridiplantae
CHP01897	芥蓝	卷心菜|甘蓝	gai lan	Brassica oleracea	Viridiplantae
CHP01898	芥子	黄芥子|红芥子|芥子油	jie zi	Brassica juncea	Viridiplantae
CHP06161	金箔		jin bo	Gold	Mineral
CHP05900	金钱白花蛇	白花蛇	jin qian bai hua she	Bungarus multicinctus	Metazoa
CHP01942	金丝桃		jin si tao	Hypericum perforatum	Viridiplantae
CHP01968	金盏菊	金盏菊花|金盏花	jin zhan ju	Calendula officinalis	Viridiplantae
CHP02007	韭菜	韮子|韭子|鲜韭菜	jiu cai	Allium tuberosum	Viridiplantae
CHP02009	韭菜子	盐韭菜籽|盐韭菜子	jiu cai zi	Allium tuberosum	Viridiplantae
CHP02019	菊花		ju hua	Chrysanthemum x morifolium	Viridiplantae
CHP02023	菊苣	菊苣子|苣菊子	ju ju	Cichorium intybus	Viridiplantae
CHP02024	菊苣根	菊苣根皮	ju ju gen	Cichorium intybus	Viridiplantae
CHP06163	空青	青金石	kong qing	Lapis Lazuli	Mineral
CHP02084	苦艾	中亚苦蒿	ku ai	Artemisia absinthium	Viridiplantae
CHP02109	苦蒿	苦蒿子	ku hao	Leuzea repens	Viridiplantae
CHP02113	苦壶卢子	葫芦皮|葫芦藤|瓠子|瓠子子|葫芦汁|壶卢子|葫芦子	ku hu lu zi	Lagenaria siceraria	Viridiplantae
CHP02166	腊梅花	蜡梅花|铁筷子	la mei hua	Chimonanthus praecox	Viridiplantae
CHP02178	莱菔		lai fu	Raphanus sativus	Viridiplantae
CHP02180	莱菔子	莱藤子|莱瓶子|莱服子|蓝花子	lai fu zi	Raphanus sativus	Viridiplantae
CHP02219	莨菪叶	天仙子|伯孜当	lang dang ye	Hyoscyamus niger	Viridiplantae
CHP02239	老鼠瓜	刺山柑根|刺山柑根皮|刺山柑	lao shu gua	Capparis spinosa	Viridiplantae
CHP02265	梨子	梨|梨叶|梨树叶|犁树叶|梨汁	li zi	Pyrus pyrifolia	Viridiplantae
CHP02272	藜芦	南刘寄奴|白藜芦	li lu	Veratrum album	Viridiplantae
CHP02305	莲花	荷花|白荷花露	lian hua	Nelumbo nucifera	Viridiplantae
CHP06167	硫磺	硫黄	liu huang	Sulfur	Mineral
CHP02390	柳枝	柳树|柳树根|鲜柳枝	liu zhi	Salix babylonica	Viridiplantae
CHP02405	龙葵	龙葵叶|龙葵实|龙葵实汁|龙葵果	long kui	Solanum nigrum	Viridiplantae
CHP05914	龙涎香		long xian xiang	Physeter catodon	Metazoa
CHP02441	芦根	干芦根|芦笋	lu gen	Phragmites australis	Viridiplantae
CHP02443	芦荟	斑纹芦荟|鲜芦荟汁	lu hui	Aloe vera	Viridiplantae
CHP05919	鹿角	鹿角霜|焦鹿角|鹿角胶	lu jiao	Cervus elaphus	Metazoa
CHP05922	鹿茸		lu rong	Cervus elaphus	Metazoa
CHP02502	罗勒	白罗勒|九层塔|毛罗勒|丁地罗勒油	luo le	Ocimum basilicum	Viridiplantae
CHP02504	罗勒子		luo le zi	Ocimum basilicum	Viridiplantae
CHP02196	萝卜		luo bo	Raphanus sativus	Viridiplantae
CHP02507	萝芙木	云南萝芙木|海南萝芙木	luo fu mu	Rauvolfia verticillata	Viridiplantae
CHP02514	骆驼蓬	骆驼蓬草	luo tuo peng	Peganum harmala	Viridiplantae
CHP02515	骆驼蓬子	骆驼蓬子油	luo tuo peng zi	Peganum harmala	Viridiplantae
CHP02527	吕宋楸毛	吕宋楸荚粉	lv song qiu mao	Mallotus philippensis	Viridiplantae
CHP02528	绿豆		lv dou	Vigna radiata	Viridiplantae
CHP02546	麻黄	麻黄草|八棱麻|木贼麻黄|中麻黄|炙麻黄|蜜麻黄|八里麻	ma huang	Ephedra sinica	Viridiplantae
CHP02557	火麻仁	大麻叶|野大麻仁|大麻灰|大麻子|大麻|欧麻|麻叶|麻子	huo ma ren	Cannabis sativa	Viridiplantae
CHP02566	马齿苋	马齿苋子|大花马齿苋	ma chi xian	Portulaca oleracea	Viridiplantae
CHP02568	马兜铃	天仙藤|青木香|马兜铃根	ma dou ling	Aristolochia debilis	Viridiplantae
CHP02582	马蔺子		ma lin zi	Iris lactea	Viridiplantae
CHP02585	马钱子	生马钱子|制马钱子	ma qian zi	Strychnos nux-vomica	Viridiplantae
CHP02621	曼陀罗	洋金花|曼陀罗花	man tuo luo	Datura inoxia	Viridiplantae
CHP02623	曼陀罗叶		man tuo luo ye	Datura inoxia	Viridiplantae
CHP02624	曼陀罗子		man tuo luo zi	Datura inoxia	Viridiplantae
CHP06174	芒硝	元明粉	mang xiao	Natrii Sulfas	Mineral
CHP02685	毛诃子	毗黎勒|长喙诃子|毛诃|绒毛诃子|毛诃子皮|词子	mao he zi	Terminalia bellirica	Viridiplantae
CHP06221	没食子		mei shi zi	Quercus infectoria	Viridiplantae
CHP02748	没药	没药树|醋没药|炙没药|没药树脂|库阿没药|没药枝|制没药	mo yao	Commiphora myrrha	Viridiplantae
CHP02750	玫瑰花	玫瑰花子	mei gui hua	Rosa rugosa	Viridiplantae
CHP02751	玫瑰露	玫瑰油|玫瑰花油	mei gui lu	Rosa rugosa	Viridiplantae
CHP02756	梅花	白梅花|乌梅肉|绿萼梅|乌梅	mei hua	Prunus mume	Viridiplantae
CHP06236	蒙古栎	橡子	meng gu li	Quercus mongolica	Viridiplantae
CHP06220	蜜蜂花		mi feng hua	Melissa officinalis	Viridiplantae
CHP02815	棉花	棉花花	mian hua	Gossypium barbadense	Viridiplantae
CHP02819	棉花子		mian hua zi	Gossypium barbadense	Viridiplantae
CHP06175	明矾	白矾|白矶|黄矾|黄砒	ming fan	Aluminum	Mineral
CHP02828	磨盘草	台湾磨盘草	mo pan cao	Abutilon indicum	Viridiplantae
CHP02904	木香	藏木香|云木香|广木香|木香油	mu xiang	Inula helenium	Viridiplantae
CHP02913	苜蓿	花苜蓿|扁蓿豆|苜蓿子|黄花苜蓿|野苜蓿子|野苜蓿	mu xu	Medicago sativa	Viridiplantae
CHP06264	穆库没药		mu ku mo yao	Commiphora wightii	Viridiplantae
CHP02930	南瓜子		nan gua zi	Cucurbita moschata	Viridiplantae
CHP06176	硇砂		nao sha	Sal Ammoniacum	Mineral
CHP02967	柠檬	柠檬汁|柠檬精	ning meng	Citrus x limon	Viridiplantae
CHP05962	牛黄	牛胆|天然牛黄	niu huang	Bos taurus	Metazoa
CHP03013	牛舌草	牛舌草花	niu she cao	Anchusa italica	Viridiplantae
CHP03050	欧当归		ou dang gui	Levisticum officinale	Viridiplantae
CHP06229	欧龙芽草	欧龙牙草|欧洲龙牙草	ou long ya cao	Agrimonia eupatoria	Viridiplantae
CHP03052	欧绵马		ou mian ma	Dryopteris filix-mas	Viridiplantae
CHP06209	欧芹菜籽		ou qin cai zi	Petroselinum crispum	Viridiplantae
CHP06231	欧矢车菊	矢车菊	ou shi che ju	Centaurea behen	Viridiplantae
CHP06271	欧亚薄荷		ou ya bo he	Mentha pulegium	Viridiplantae
CHP06256	欧烟堇	欧烟堇子	ou yan jin	Fumaria officinalis	Viridiplantae
CHP06177	硼砂	白硵砂|硼硝	peng sha	Borax	Mineral
CHP03098	枇杷	枇杷果	pi pa	Eriobotrya japonica	Viridiplantae
CHP03113	苹果	甜苹果|苹果汁|红苹果	ping guo	Malus pumila	Viridiplantae
CHP03124	破布木	青桐翠木|破布木果|破布木实	po bu mu	Cordia dichotoma	Viridiplantae
CHP03130	葡萄	马奶子葡萄|白葡萄|葡萄醋|无核葡萄|葡萄汁|无核葡萄干|绿葡萄干|葡萄粉|红葡萄|葡萄藤叶|野葡萄|琐琐葡萄|葡萄干	pu tao	Vitis vinifera	Viridiplantae
CHP03180	千金子	续随子	qian jin zi	Euphorbia lathyris	Viridiplantae
CHP03187	千日红		qian ri hong	Gomphrena globosa	Viridiplantae
CHP03192	牵牛	牵牛子|牵牛花	qian niu zi	Ipomoea purpurea	Viridiplantae
CHP06218	钱线蕨		qian xian jue	Nephrolepis exaltata	Viridiplantae
CHP03198	茜草	多花茜草|藏茜草	xi cao	Rubia cordifolia	Viridiplantae
CHP06268	蔷薇实		qiang wei shi	Rosa laxa	Viridiplantae
CHP03214	茄子	茄	qie zi	Solanum melongena	Viridiplantae
CHP03229	青蒿	蛔蒿花|青篙叶|青篙|黄花蒿|青蒿油	qing hao	Artemisia annua	Viridiplantae
CHP06237	青香茅		qing xiang mao	Cymbopogon caesius	Viridiplantae
CHP06185	轻粉		qing fen	Calomel	Mineral
CHP03283	秋水仙		qiu shui xian	Colchicum autumnale	Viridiplantae
CHP03299	驱虫斑鸠菊		qu chong ban jiu ju	Baccharoides anthelmintica	Viridiplantae
CHP05983	全蝎	全蝎炭|蝎	quan xie	Mesobuthus martensii	Metazoa
CHP03306	拳参		quan can	Polygonum cuspidatum	Viridiplantae
CHP05984	雀	麻雀肉	que	Passer montanus	Metazoa
CHP05986	雀脑	麻雀脑	que nao	Passer montanus	Metazoa
CHP03319	人参	鲜人参|生晒参|生晒参芦头|人参茎叶	ren shen	Panax ginseng	Viridiplantae
CHP06272	鞣树果	西西里漆树	rou shu guo	Rhus coriaria	Viridiplantae
CHP03342	肉豆蔻		rou dou kou	Myristica fragrans	Viridiplantae
CHP03343	肉豆蔻衣		rou dou kou yi	Myristica fragrans	Viridiplantae
CHP03344	肉桂	肉桂子|官桂	rou gui	Cinnamomum aromaticum	Viridiplantae
CHP03345	肉桂叶	桂叶	rou gui ye	Cinnamomum aromaticum	Viridiplantae
CHP03352	乳香	制乳香|醋乳香|白洋乳香|炙乳香	ru xiang	Boswellia sacra	Viridiplantae
CHP03364	瑞香根		rui xiang gen	Daphne odora	Viridiplantae
CHP06298	赛依台尔		sai yi tai er	Zataria multiflora	Viridiplantae
CHP03429	桑椹	桑葚|红桑椹|桑植|白果桑椹|桑椹酒|红桑葚|白桑椹|黑果桑椹|鲜桑椹|红桑果|黑桑椹	sang shen	Morus alba	Viridiplantae
CHP03444	沙棘	沙棘果膏|鲜沙棘|醋柳果	sha ji	Hippophae rhamnoides	Viridiplantae
CHP03453	沙枣		sha zao	Elaeagnus angustifolia	Viridiplantae
CHP06359	砂鱼蜥	沙龙子	sha yu xi	Scincus scincus	Metazoa
CHP03475	山薄荷		shan bo he	Mentha longifolia	Viridiplantae
CHP03477	山扁豆		shan bian dou	Lablab purpureus	Viridiplantae
CHP03601	山楂	北山楂|焦山楂|广山楂|野山楂|南山楂	shan zha	Crataegus pinnatifida	Viridiplantae
CHP05996	珊瑚		shan hu	Corallium rubrum	Metazoa
CHP03635	芍药	白芍|赤勺|白勺|白芍药|酒白芍|赤芍药|赤芍	shao yao	Paeonia lactiflora	Viridiplantae
CHP06000	蛇蜕		she tui	Zootoca vivipara	Metazoa
CHP06001	麝香	毛麝香|人工麝香	she xiang	Moschus berezovskii	Metazoa
CHP03664	麝香草	麝香草油|麝香草脑	she xiang cao	Thymus vulgaris	Viridiplantae
CHP03672	神香草		shen xiang cao	Dracocephalum officinale	Viridiplantae
CHP03686	声色草		sheng se cao	Polycarpaea corymbosa	Viridiplantae
CHP03704	石菖蒲	石菖蒲挥发油|鲜石菖蒲|石莒蒲|石菖蒲油|石昌蒲	shi chang pu	Acorus gramineus	Viridiplantae
CHP03709	石刁柏	石刁柏子	shi diao bai	Asparagus officinalis	Viridiplantae
CHP06191	石膏	煅石膏|生石膏|石灰|生石灰|生石|甘石膏	shi gao	Gypsum	Mineral
CHP06004	石决明	贝壳	shi jue ming	Haliotis discus	Metazoa
CHP03730	石榴根皮		shi liu gen pi	Punica granatum	Viridiplantae
CHP03731	石榴花	白石榴花	shi liu hua	Punica granatum	Viridiplantae
CHP03732	石榴皮		shi liu pi	Punica granatum	Viridiplantae
CHP04126	石榴子		shi liu zi	Punica granatum	Viridiplantae
CHP06006	石首鱼	鱼脑石	shi shou yu	Larimichthys crocea	Metazoa
CHP06193	食盐		shi yan	Sal	Mineral
CHP03766	莳萝	莳萝苗|洋茴香	shi luo	Anethum graveolens	Viridiplantae
CHP03767	莳萝子		shi luo zi	Anethum graveolens	Viridiplantae
CHP03796	蜀葵根	白蜀葵根	shu kui gen	Alcea rosea	Viridiplantae
CHP03797	蜀葵花	白蜀葵花|白蜀葵|野蜀葵	shu kui hua	Alcea rosea	Viridiplantae
CHP03800	蜀葵子	白蜀葵子|白蜀葵花子	shu kui zi	Alcea rosea	Viridiplantae
CHP03871	水龙骨		shui long gu	Polypodium vulgare	Viridiplantae
CHP03910	水仙	水仙子	shui xian	Narcissus tazetta	Viridiplantae
CHP06384	水银		shui yin	Hydrargyrum	Mineral
CHP06015	水蛭	制水蛭	shui zhi	Whitmania pigra	Metazoa
CHP06273	睡莲花		shui lian hua	Nymphaea candida	Viridiplantae
CHP06318	司卡摩尼亚脂	药旋花	si ka mo ni ya zhi	Convolvulus scammonia	Viridiplantae
CHP04092	丝瓜	天罗水|丝瓜络	si gua	Luffa acutangula	Viridiplantae
CHP06128	松萝		song luo	Usnea diffracta	Fungi
CHP03969	松香		song xiang	Pinus massoniana	Viridiplantae
CHP03973	松油	松树脂|松脂	song you	Pinus massoniana	Viridiplantae
CHP03975	松子仁	油松子|海松子	song zi ren	Pinus koraiensis	Viridiplantae
CHP03977	苏合香	苏合香油	su he xiang	Liquidambar orientalis	Viridiplantae
CHP06016	酥油		su you	Bos taurus	Metazoa
CHP03996	酸橙	酸橙皮	suan cheng	Citrus sinensis	Viridiplantae
CHP03997	酸浆	挂金灯|锦灯笼	suan jiang	Alkekengi officinarum	Viridiplantae
CHP03998	酸浆根		suan jiang gen	Alkekengi officinarum	Viridiplantae
CHP03999	酸角	罗望实|罗望子仁|罗望子	suan jiao	Tamarindus indica	Viridiplantae
CHP04000	酸模	酸模子	suan mo	Rumex acetosa	Viridiplantae
CHP04002	酸石榴	石榴|酸石榴皮|酸石榴根|石榴汁|酸石榴汁|甜石榴	suan shi liu	Punica granatum	Viridiplantae
CHP04021	锁阳		suo yang	Cynomorium songaricum	Viridiplantae
CHP04036	太白韭	大葱|野葱	tai bai jiu	Allium wallichii	Viridiplantae
CHP04047	檀香	白檀香	tan xiang	Santalum album	Viridiplantae
CHP04065	桃仁	巴丹仁|扁桃|生桃仁|巴旦杏仁油|巴旦杏壳|苦巴旦杏仁|甜巴旦杏仁油|甜桃仁|巴旦仁|苦巴旦杏仁油|桃干|甜巴旦杏仁|桃仁霜|苦巴旦仁|巴旦杏仁	tao ren	Prunus dulcis	Viridiplantae
CHP04067	桃叶		tao ye	Prunus persica	Viridiplantae
CHP04070	桃子	桃|桃花	tao zi	Prunus persica	Viridiplantae
CHP06371	锑		ti	Stibium	Mineral
CHP06320	天山堇菜	天山堇菜花|天山堇菜油	tian shan jin cai	Viola kunawurensis	Viridiplantae
CHP04106	天竺黄	天竹黄	tian zhu huang	Bambusa textilis	Viridiplantae
CHP04118	甜瓜	越瓜|生瓜	tian gua	Cucumis melo	Viridiplantae
CHP04119	甜瓜蒂	瓜蒂	tian gua di	Cucumis melo	Viridiplantae
CHP04124	甜瓜子	甜葫芦子	tian gua zi	Cucumis melo	Viridiplantae
CHP06388	铁	铁汁|铁垢|铁落|铁粉|铁灰|铁屑	tie	Ferrum	Mineral
CHP04150	铁力木		tie li mu	Mesua ferrea	Viridiplantae
CHP04173	葶苈子	拿茜子|辣辣菜|北葶苈子|独行菜子	ting li zi	Leuzea repens	Viridiplantae
CHP06391	铜绿		tong lv	Cupri Hydroxycarbonas	Mineral
CHP04258	菟丝	菟丝草	tu si	Cuscuta japonica	Viridiplantae
CHP04259	菟丝子	盐菟丝子	tu si zi	Cuscuta chinensis	Viridiplantae
CHP04322	榅桲子	甜榅桲|榅桲糖浆|榅桲汁|温桲|榅桲	wen po zi	Cydonia oblonga	Viridiplantae
CHP04333	莴苣子	野莴苣子|白苣|白苣胜|白巨胜	wo ju zi	Lactuca sativa	Viridiplantae
CHP04368	无花果		wu hua guo	Ficus carica	Viridiplantae
CHP04382	无名子	阿月浑子皮|伯孜旦|阿月浑子|开心果|阿月浑子花	wu ming zi	Pistacia vera	Viridiplantae
CHP04449	西瓜	西瓜汁	xi gua	Citrullus lanatus	Viridiplantae
CHP04451	西瓜皮		xi gua pi	Citrullus lanatus	Viridiplantae
CHP04453	西瓜籽仁	西瓜子仁|西瓜子	xi gua zi ren	Citrullus lanatus	Viridiplantae
CHP06279	西黄蓍胶	西黄耆胶	xi huang qi jiao	Astragalus gummifer	Viridiplantae
CHP04473	细葛缕子	藏茴香|青海防风|葛缕子	xi ge lv zi	Carum carvi	Viridiplantae
CHP04482	细辛	欧细辛|汉城细辛|水细辛|南细辛|土细辛|辽细辛|细辛油|北细辛	xi xin	Asarum europaeum	Viridiplantae
CHP04525	仙茅	酒仙茅|黑木沙里	xian mao	Curculigo orchioides	Viridiplantae
CHP04535	咸酸蔃	信筒子|白花酸藤果|白花酸藤	xian suan qiang	Embelia ribes	Viridiplantae
CHP04539	苋菜	红苋菜|苋|鲜苋菜|雁来红	xian cai	Amaranthus tricolor	Viridiplantae
CHP06255	腺毛车前子		xian mao che qian zi	Plantago indica	Viridiplantae
CHP04547	相思子	相思豆	xiang si zi	Abrus precatorius	Viridiplantae
CHP04556	香附	莎草|酒香附|醋香附	xiang fu	Cyperus rotundus	Viridiplantae
CHP06227	香科科	香科科子	xiang ke ke	Teucrium chamaedrys	Viridiplantae
CHP04571	香茅	蜿蜒香茅|香茅油	xiang mao	Cymbopogon citratus	Viridiplantae
CHP04577	香青兰	青香兰	xiang qing lan	Dracocephalum moldavica	Viridiplantae
CHP06240	香桃木实		xiang tao mu shi	Myrtus communis	Viridiplantae
CHP04591	香橼	香椽|枸橼皮|香圆子|枸橼|枸橼油	xiang yuan	Citrus medica	Viridiplantae
CHP06328	香脂树子		xiang zhi shu zi	Commiphora gileadensis	Viridiplantae
CHP04604	向日葵花		xiang ri kui hua	Helianthus annuus	Viridiplantae
CHP06196	硝石		xiao shi	Niter	Mineral
CHP04629	小檗	小檗根|小檗浸膏|刺檗|小蘖	xiao bo	Berberis silva-taroucana	Viridiplantae
CHP06266	小檗实		xiao bo shi	Berberis vulgaris	Viridiplantae
CHP04697	小麦	小麦皮|蒸饼|淀粉	xiao mai	Triticum aestivum	Viridiplantae
CHP04764	缬草	宽叶缬草|缴草|欧缬草	xie cao	Valeriana officinalis	Viridiplantae
CHP06044	蟹	方蟹|螃蟹|河蟹|河蟹炭	xie	Eriocheir sinensis	Metazoa
CHP06368	新疆冬虫草		xin jiang dong chong cao	Paraisaria gracilis	Fungi
CHP06283	新疆酸李		xin jiang suan li	Prunus sogdiana	Viridiplantae
CHP04795	杏仁	青杏|苦杏仁|山杏仁|苦杏壳|甜杏仁	xing ren	Prunus armeniaca	Viridiplantae
CHP04798	杏子	杏子汁|杏干	xing zi	Prunus armeniaca	Viridiplantae
CHP06197	雄黄	雌黄	xiong huang	Realgar	Mineral
CHP04838	雪莲	新疆雪莲|天山雪莲|水母雪莲	xue lian	Saussurea medusa	Viridiplantae
CHP04851	血竭	草血竭	xue jie	Dracaena cochinchinensis	Viridiplantae
CHP04861	薰衣草	薰衣草油	xun yi cao	Lavandula angustifolia	Viridiplantae
CHP04863	荨麻	欧荨麻|寻麻|荨麻子|麻叶荨麻|狭叶荨麻|宽叶荨麻|尊麻|荨麻草	xun ma	Urtica cannabina	Viridiplantae
CHP04867	鸦片	阿片	ya pian	Papaver somniferum	Viridiplantae
CHP06342	鸭油		ya you	Anas platyrhynchos	Metazoa
CHP04888	亚麻子	亚麻子粉	ya ma zi	Linum usitatissimum	Viridiplantae
CHP06325	烟堇		yan jin	Fumaria schleicheri	Viridiplantae
CHP04901	芫荽	胡荽	yan sui	Coriandrum sativum	Viridiplantae
CHP04902	芫荽子	芫荽实|芫荽果|胡荽子	yan sui zi	Coriandrum sativum	Viridiplantae
CHP04992	洋葱		yang cong	Allium cepa	Viridiplantae
CHP06214	洋葱子		yang cong zi	Allium cepa	Viridiplantae
CHP02839	洋柑菊	母菊|洋甘菊	yang gan ju	Matricaria chamomilla	Viridiplantae
CHP06282	洋乳香		yang ru xiang	Pistacia lentiscus	Viridiplantae
CHP06372	氧化锡		yang hua xi	Stanni Oxidum	Mineral
CHP06267	药喇叭根		yao la ba gen	Ipomoea purga	Viridiplantae
CHP06244	药蜀葵子	药葵|药蜀葵花	yao shu kui zi	Althaea officinalis	Viridiplantae
CHP05004	药西瓜		yao xi gua	Citrullus colocynthis	Viridiplantae
CHP05007	椰子		ye zi	Cocos nucifera	Viridiplantae
CHP05020	野大豆藤	羽扇豆	ye da dou teng	Glycine soja	Viridiplantae
CHP05051	野菊花	白蜀菊|野菊	ye ju hua	Chrysanthemum indicum	Viridiplantae
CHP05104	野芝麻	白芝麻|芝麻|黑芝麻|白芝麻子|芝麻油	ye zhi ma	Sesamum indicum	Viridiplantae
CHP05139	一枝蒿	新疆一支蒿|一支蒿	yi zhi hao	Artemisia rupestris	Viridiplantae
CHP05169	茵陈	菌陈|茵陈蒿|藏茵陈	yin chen	Artemisia capillaris	Viridiplantae
CHP06396	银	银精石|银矿石|银箔	yin	Argentum	Mineral
CHP05194	罂粟	黑罂粟子|罂粟子|白罂粟子|白罂粟|白罂粟花	ying su	Papaver somniferum	Viridiplantae
CHP05195	罂粟壳	蜜罂粟壳	ying su ke	Papaver somniferum	Viridiplantae
CHP05197	樱桃		ying tao	Prunus pseudocerasus	Viridiplantae
CHP06303	油莎草	铁荸界	you suo cao	Cyperus esculentus	Viridiplantae
CHP05255	余甘子	庵摩勒|余甘子皮|油柑	yu gan zi	Emblica officinalis	Viridiplantae
CHP06217	虞美人	丽春花	yu mei ren	Papaver rhoeas	Viridiplantae
CHP05294	玉竹	欧玉竹	yu zhu	Polygonatum odoratum	Viridiplantae
CHP05299	郁李仁	郁李|欧李	yu li ren	Prunus domestica	Viridiplantae
CHP05304	圆柏	圆柏枝|刺柏脂|圆柏叶|圆柏膏|圆柏枝膏|叉子圆柏	yuan bai	Juniperus chinensis	Viridiplantae
CHP06280	圆根马兜铃		yuan gen ma dou ling	Aristolochia rotunda	Viridiplantae
CHP05321	月桂子	月桂樱子	yue gui zi	Laurus nobilis	Viridiplantae
CHP05322	月季花		yue ji hua	Rosa chinensis	Viridiplantae
CHP05357	芸薹	芜菁花|菘菜|芜菁|藏萝卜|芫根|妞玛|芸薹花	yun tai	Brassica rapa	Viridiplantae
CHP05358	芸薹子	芜菁子|白菜子|菘菜子|芸苔子	yun tai zi	Brassica rapa	Viridiplantae
CHP05360	芸香	白芸香|芸香子|芸香叶|三桠苦|三叉苦|臭草	yun xiang	Ruta graveolens	Viridiplantae
CHP06239	栽培菊苣	黑莴苣	zai pei ju ju	Cichorium endivia	Viridiplantae
CHP05408	樟脑	白樟油|樟脑子|樟脑油	zhang nao	Cinnamomum camphora	Viridiplantae
CHP06276	长根马兜铃		zhang gen ma dou ling	Aristolochia fontanesii	Viridiplantae
CHP06215	长角豆		zhang jiao dou	Ceratonia siliqua	Viridiplantae
CHP06201	赭石	煅赭石|代赭石	zhe shi	Hematite	Mineral
CHP06202	珍珠		zhen zhu	Pearl	Mineral
CHP06065	珍珠母		zhen zhu mu	Pinctada imbricata	Metazoa
CHP05469	榛子	欧榛|川榛子	zhen zi	Corylus avellana	Viridiplantae
CHP06251	芝麻菜子	芝麻菜子油	zhi ma cai zi	Eruca vesicaria	Viridiplantae
CHP05486	蜘蛛香		zhi zhu xiang	Valeriana jatamansi	Viridiplantae
CHP05491	指甲花	指甲花叶	zhi jia hua	Lawsonia inermis	Viridiplantae
CHP06204	朱砂		zhu sha	Cinnabar	Mineral
CHP05557	猪鬃草	铁线蕨|铁钱蕨	zhu zong cao	Adiantum capillus-veneris	Viridiplantae
CHP06351	竹鸡		zhu ji	Bambusicola thoracicus	Metazoa
CHP05607	孜然	香早芹|野孜然|香旱芹|黑孜然	zi ran	Cuminum cyminum	Viridiplantae
CHP05623	紫草	藏紫草|滇紫草|新疆紫草	zi cao	Lithospermum erythrorhizon	Viridiplantae
CHP06363	紫草茸	紫胶蚧	zi cao rong	Kerria lacca	Metazoa
CHP06205	紫硇砂	密陀僧|麦饭石	zi nao sha	Lithargyrum	Mineral
CHP05676	紫苏	尖紫苏|紫苏油|回回苏|白苏	zi su	Perilla frutescens	Viridiplantae
CHP05680	紫苏子	苏子|紫苏子油|白苏子	zi su zi	Perilla frutescens	Viridiplantae
CHP05682	紫檀	紫檀香	zi tan	Pterocarpus indicus	Viridiplantae
