CPM_ID	Chinese_herbal_formulas	Pinyin_term	Routes_of_administration
UHF0001	阿亚拉吉 排克拉 巴日德 苦膏	a ya la ji   pai ke la   ba ri de   ku gao	Oral
UHF0002	阿亚热吉 排克拉 阿日 苦膏	a ya re ji   pai ke la   a ri   ku gao	Oral
UHF0003	艾比 阿亚热吉 小丸	ai bi   a ya re ji   xiao wan	Oral
UHF0004	艾比 阿扎拉克 小丸	ai bi   a zha la ke   xiao wan	Oral
UHF0005	艾比 艾非散厅 小丸	ai bi   ai fei san ting   xiao wan	Oral
UHF0006	艾比 艾非提蒙 小丸	ai bi   ai fei ti meng   xiao wan	Oral
UHF0007	艾比 艾非云 小丸	ai bi   ai fei yun   xiao wan	Oral
UHF0008	艾比 艾力勒 小丸	ai bi   ai li lei   xiao wan	Oral
UHF0009	艾比 艾力勒 小丸Ⅰ	ai bi   ai li lei   xiao wan Ⅰ	Oral
UHF0010	艾比 艾力勒 小丸Ⅱ	ai bi   ai li lei   xiao wan Ⅱ	Oral
UHF0011	艾比 白热斯 小丸	ai bi   bai re si   xiao wan	Oral
UHF0012	艾比 白日萨 小丸	ai bi   bai ri sa   xiao wan	Oral
UHF0013	艾比 比乃非谢 小丸	ai bi   bi nai fei xie   xiao wan	Oral
UHF0014	艾比 比乃非谢 小丸Ⅰ	ai bi   bi nai fei xie   xiao wan Ⅰ	Oral
UHF0015	艾比 比乃非谢 小丸Ⅱ	ai bi   bi nai fei xie   xiao wan Ⅱ	Oral
UHF0016	艾比 哈排斯 小丸	ai bi   ha pai si   xiao wan	Oral
UHF0017	艾比 哈日混 小丸Ⅰ	ai bi   ha ri hun   xiao wan Ⅰ	Oral
UHF0018	艾比 哈日混 小丸Ⅱ	ai bi   ha ri hun   xiao wan Ⅱ	Oral
UHF0019	艾比 胡西 开依飞 小丸	ai bi   hu xi   kai yi fei   xiao wan	Oral
UHF0020	艾比 节德瓦尔 艾非优尼 小丸	ai bi   jie de wa er   ai fei you ni   xiao wan	Oral
UHF0021	艾比 节德瓦日 小丸	ai bi   jie de wa ri   xiao wan	Oral
UHF0022	艾比 库克亚 小丸	ai bi   ku ke ya   xiao wan	Oral
UHF0023	艾比 库克亚 小丸Ⅰ	ai bi   ku ke ya   xiao wan Ⅰ	Oral
UHF0024	艾比 库克亚 小丸Ⅱ	ai bi   ku ke ya   xiao wan Ⅱ	Oral
UHF0025	艾比 库日土米 小丸	ai bi   ku ri tu mi   xiao wan	Oral
UHF0026	艾比 买卫孜 小丸	ai bi   mai wei zi   xiao wan	Oral
UHF0027	艾比 木合日吉 小丸	ai bi   mu he ri ji   xiao wan	Oral
UHF0028	艾比 木开力 阿日 小丸	ai bi   mu kai li   a ri   xiao wan	Oral
UHF0029	艾比 木开力 巴日德 小丸	ai bi   mu kai li   ba ri de   xiao wan	Oral
UHF0030	艾比 木斯力 小丸	ai bi   mu si li   xiao wan	Oral
UHF0031	艾比 排日非云 小丸	ai bi   pai ri fei yun   xiao wan	Oral
UHF0032	艾比 热万 小丸	ai bi   re wan   xiao wan	Oral
UHF0033	艾比 赛比日 小丸	ai bi   sai bi ri   xiao wan	Oral
UHF0034	艾比 赛地日 小丸	ai bi   sai di ri   xiao wan	Oral
UHF0035	艾比 斯马比 小丸	ai bi   si ma bi   xiao wan	Oral
UHF0036	艾比 斯亚当 小丸	ai bi   si ya dang   xiao wan	Oral
UHF0037	艾比 苏阿力 小丸Ⅰ	ai bi   su a li   xiao wan Ⅰ	Oral
UHF0038	艾比 苏阿力 小丸Ⅱ	ai bi   su a li   xiao wan Ⅱ	Oral
UHF0039	艾比 苏阿力 小丸Ⅲ	ai bi   su a li   xiao wan Ⅲ	Oral
UHF0040	艾比 苏仁江 小丸	ai bi   su ren jiang   xiao wan	Oral
UHF0041	艾比 台皮 小丸	ai bi   tai pi   xiao wan	Oral
UHF0042	艾比 坦卡尔 小丸	ai bi   tan ka er   xiao wan	Oral
UHF0043	艾比 土尔布提 小丸	ai bi   tu er bu ti   xiao wan	Oral
UHF0044	艾比 西比亚尔 小丸Ⅰ	ai bi   xi bi ya er   xiao wan Ⅰ	Oral
UHF0045	艾比 西比亚尔 小丸Ⅱ	ai bi   xi bi ya er   xiao wan Ⅱ	Oral
UHF0046	艾比 西比亚尔 小丸Ⅲ	ai bi   xi bi ya er   xiao wan Ⅲ	Oral
UHF0047	艾比 西比亚尔 小丸Ⅳ	ai bi   xi bi ya er   xiao wan Ⅳ	Oral
UHF0048	艾比 西法 木赛肯 小丸	ai bi   xi fa   mu sai ken   xiao wan	Oral
UHF0049	艾比 西法 小丸	ai bi   xi fa   xiao wan	Oral
UHF0050	艾比 西法 小丸Ⅰ	ai bi   xi fa   xiao wan Ⅰ	Oral
UHF0051	艾比 西法 小丸Ⅱ	ai bi   xi fa   xiao wan Ⅱ	Oral
UHF0052	艾比 再艾比 小丸	ai bi   zai ai bi   xiao wan	Oral
UHF0053	艾比 再艾比 小丸Ⅰ	ai bi   zai ai bi   xiao wan Ⅰ	Oral
UHF0054	艾比 再艾比 小丸Ⅱ	ai bi   zai ai bi   xiao wan Ⅱ	Oral
UHF0055	艾热克 艾比日西米 蒸露	ai re ke   ai bi ri xi mi   zheng lu	Oral
UHF0056	艾热克 比德米西克 蒸露	ai re ke   bi de mi xi ke   zheng lu	Oral
UHF0057	艾热克 高孜班 蒸露	ai re ke   gao zi ban   zheng lu	Oral
UHF0058	艾热克 卡福尔 蒸露	ai re ke   ka fu er   zheng lu	Oral
UHF0059	艾热克 三代力 蒸露	ai re ke   san dai li   zheng lu	Oral
UHF0060	艾日热 膳食 糖糊	ai ri re   shan shi   tang hu	Oral
UHF0061	巴那都克 白祖日 丹	ba na dou ke   bai zu ri   dan	Oral
UHF0062	巴那都克 木海力里 丹	ba na dou ke   mu hai li li   dan	Oral
UHF0063	古丽坎尼 古丽苏如合 花膏	gu li kan ni   gu li su ru he   hua gao	Oral
UHF0064	合米日 高孜班 糖膏	he mi ri   gao zi ban   tang gao	Oral
UHF0065	合米日 海西哈西 糖膏	he mi ri   hai xi ha xi   tang gao	Oral
UHF0066	合米日 买日瓦日德 糖膏	he mi ri   mai ri wa ri de   tang gao	Oral
UHF0067	库日斯 安吉巴尔 片	ku ri si   an ji ba er   pian	Oral
UHF0068	库日斯 白鲁德代米 片	ku ri si   bai lu de dai mi   pian	Oral
UHF0069	库日斯 白祖日 片	ku ri si   bai zu ri   pian	Oral
UHF0070	库日斯 比乃非谢 片Ⅰ	ku ri si   bi nai fei xie   pian Ⅰ	Oral
UHF0071	库日斯 比乃非谢 片Ⅱ	ku ri si   bi nai fei xie   pian Ⅱ	Oral
UHF0072	库日斯 格力买合土米 片	ku ri si   ge li mai he tu mi   pian	Oral
UHF0073	库日斯 古丽那尔 片Ⅰ	ku ri si   gu li na er   pian Ⅰ	Oral
UHF0074	库日斯 古丽那尔 片Ⅱ	ku ri si   gu li na er   pian Ⅱ	Oral
UHF0075	库日斯 海西哈西 片	ku ri si   hai xi ha xi   pian	Oral
UHF0076	库日斯 卡克乃吉 片Ⅰ	ku ri si   ka ke nai ji   pian Ⅰ	Oral
UHF0077	库日斯 卡克乃吉 片Ⅱ	ku ri si   ka ke nai ji   pian Ⅱ	Oral
UHF0078	库日斯 开合日巴 片	ku ri si   kai he ri ba   pian	Oral
UHF0079	库日斯 买斯提克 片	ku ri si   mai si ti ke   pian	Oral
UHF0080	库日斯 木地日 白吾力 片	ku ri si   mu di ri   bai wu li   pian	Oral
UHF0081	库日斯 木日买克 片	ku ri si   mu ri mai ke   pian	Oral
UHF0082	库日斯 木赛来斯 片Ⅰ	ku ri si   mu sai lai si   pian Ⅰ	Oral
UHF0083	库日斯 木赛来斯 片Ⅱ	ku ri si   mu sai lai si   pian Ⅱ	Oral
UHF0084	库日斯 木斯力 片	ku ri si   mu si li   pian	Oral
UHF0085	库日斯 乃孜乐 班德 片	ku ri si   nai zi le   ban de   pian	Oral
UHF0086	库日斯 乃孜乐 片Ⅰ	ku ri si   nai zi le   pian Ⅰ	Oral
UHF0087	库日斯 乃孜乐 片Ⅱ	ku ri si   nai zi le   pian Ⅱ	Oral
UHF0088	库日斯 三代力 片	ku ri si   san dai li   pian	Oral
UHF0089	库日斯 塔巴西尔 卡福日 片	ku ri si   ta ba xi er   ka fu ri   pian	Oral
UHF0090	库日斯 塔巴西尔 片Ⅰ	ku ri si   ta ba xi er   pian Ⅰ	Oral
UHF0091	库日斯 塔巴西尔 片Ⅱ	ku ri si   ta ba xi er   pian Ⅱ	Oral
UHF0092	库日斯 衣拉吾斯 片	ku ri si   yi la wu si   pian	Oral
UHF0093	库日斯 再米切 片Ⅰ	ku ri si   zai mi qie   pian Ⅰ	Oral
UHF0094	库日斯 再米切 片Ⅱ	ku ri si   zai mi qie   pian Ⅱ	Oral
UHF0095	库日斯 孜日西克片	ku ri si   zi ri xi ke pian	Oral
UHF0096	库日斯 孜亚比提 片Ⅰ	ku ri si   zi ya bi ti   pian Ⅰ	Oral
UHF0097	库日斯 孜亚比提 片Ⅱ	ku ri si   zi ya bi ti   pian Ⅱ	Oral
UHF0098	库日斯 孜亚比提 片Ⅲ	ku ri si   zi ya bi ti   pian Ⅲ	Oral
UHF0099	罗欧克 巴达木 舔剂	luo ou ke   ba da mu   tian ji	Oral
UHF0100	马欧力 来合米 肉汤蒸液	ma ou li   lai he mi   rou tang zheng ye	Oral
UHF0101	马欧力 欧苏力 根汤Ⅰ	ma ou li   ou su li   gen tang Ⅰ	Oral
UHF0102	马欧力 欧苏力 根汤Ⅱ	ma ou li   ou su li   gen tang Ⅱ	Oral
UHF0103	马欧力 欧苏力 根汤Ⅲ	ma ou li   ou su li   gen tang Ⅲ	Oral
UHF0104	马欧力 欧苏力 根汤Ⅳ	ma ou li   ou su li   gen tang Ⅳ	Oral
UHF0105	马欧力 欧苏力 尼克热斯 根汤	ma ou li   ou su li   ni ke re si   gen tang	Oral
UHF0106	买提布合 阿那尔达乃 汤	mai ti bu he   a na er da nai   tang	Oral
UHF0107	买提布合 艾非散厅 汤	mai ti bu he   ai fei san ting   tang	Oral
UHF0108	买提布合 艾非提蒙 汤Ⅰ	mai ti bu he   ai fei ti meng   tang Ⅰ	Oral
UHF0109	买提布合 艾非提蒙 汤Ⅱ	mai ti bu he   ai fei ti meng   tang Ⅱ	Oral
UHF0110	买提布合 艾力勒 汤	mai ti bu he   ai li lei   tang	Oral
UHF0111	买提布合 艾力勒 汤Ⅰ	mai ti bu he   ai li lei   tang Ⅰ	Oral
UHF0112	买提布合 艾力勒 汤Ⅱ	mai ti bu he   ai li lei   tang Ⅱ	Oral
UHF0113	买提布合 白日格 夏皮塔罗 汤	mai ti bu he   bai ri ge   xia pi ta luo   tang	Oral
UHF0114	买提布合 白祖日 汤	mai ti bu he   bai zu ri   tang	Oral
UHF0115	买提布合 比合 阿那尔 土如西 汤	mai ti bu he   bi he   a na er   tu ru xi   tang	Oral
UHF0116	买提布合 比合 比衣德 汤	mai ti bu he   bi he   bi yi de   tang	Oral
UHF0117	买提布合 地当 汤	mai ti bu he   di dang   tang	Oral
UHF0118	买提布合 黑亚日 先白尔汤	mai ti bu he   hei ya ri   xian bai er tang	Oral
UHF0119	买提布合 蒙孜吉 成熟剂Ⅰ	mai ti bu he   meng zi ji   cheng shu ji Ⅰ	Oral
UHF0120	买提布合 蒙孜吉 成熟剂Ⅱ	mai ti bu he   meng zi ji   cheng shu ji Ⅱ	Oral
UHF0121	买提布合 蒙孜吉 成熟剂Ⅲ	mai ti bu he   meng zi ji   cheng shu ji Ⅲ	Oral
UHF0122	买提布合 蒙孜吉木斯力 汤	mai ti bu he   meng zi ji mu si li   tang	Oral
UHF0123	买提布合 木地日 艾衣孜 汤	mai ti bu he   mu di ri   ai yi zi   tang	Oral
UHF0124	买提布合 木来引 汤Ⅰ	mai ti bu he   mu lai yin   tang Ⅰ	Oral
UHF0125	买提布合 木来引 汤Ⅱ	mai ti bu he   mu lai yin   tang Ⅱ	Oral
UHF0126	买提布合 乃孜乐 汤	mai ti bu he   nai zi le   tang	Oral
UHF0127	买提布合 欧里白 汤	mai ti bu he   ou li bai   tang	Oral
UHF0128	买提布合 破斯提阿那尔 汤	mai ti bu he   po si ti a na er   tang	Oral
UHF0129	买提布合 苏仁江 汤Ⅰ	mai ti bu he   su ren jiang   tang Ⅰ	Oral
UHF0130	买提布合 苏仁江 汤Ⅱ	mai ti bu he   su ren jiang   tang Ⅱ	Oral
UHF0131	买提布合 吐胡米开都 汤	mai ti bu he   tu hu mi kai dou   tang	Oral
UHF0132	买提布合 夏塔热 汤	mai ti bu he   xia ta re   tang	Oral
UHF0133	买提布合 再合热 胡合 汤	mai ti bu he   zai he re   hu he   tang	Oral
UHF0134	买朱尼 阿卡克亚 蜜膏	mai zhu ni   a ka ke ya   mi gao	Oral
UHF0135	买朱尼 艾布里哈尔 蜜膏	mai zhu ni   ai bu li ha er   mi gao	Oral
UHF0136	买朱尼 艾克热比 蜜膏	mai zhu ni   ai ke re bi   mi gao	Oral
UHF0137	买朱尼 艾米如司亚 蜜膏	mai zhu ni   ai mi ru si ya   mi gao	Oral
UHF0138	买朱尼 白热斯 蜜膏Ⅰ	mai zhu ni   bai re si   mi gao Ⅰ	Oral
UHF0139	买朱尼 白热斯 蜜膏Ⅱ	mai zhu ni   bai re si   mi gao Ⅱ	Oral
UHF0140	买朱尼 白热斯 蜜膏Ⅲ	mai zhu ni   bai re si   mi gao Ⅲ	Oral
UHF0141	买朱尼 白赛里 孜衣子 蜜膏	mai zhu ni   bai sai li   zi yi zi   mi gao	Oral
UHF0142	买朱尼 比乃非谢 蜜膏	mai zhu ni   bi nai fei xie   mi gao	Oral
UHF0143	买朱尼 比乃非谢 蜜膏Ⅰ	mai zhu ni   bi nai fei xie   mi gao Ⅰ	Oral
UHF0144	买朱尼 比乃非谢 蜜膏Ⅱ	mai zhu ni   bi nai fei xie   mi gao Ⅱ	Oral
UHF0145	买朱尼 达瓦衣 库日库米 蜜膏	mai zhu ni   da wa yi   ku ri ku mi   mi gao	Oral
UHF0146	买朱尼 达瓦衣罗克 蜜膏	mai zhu ni   da wa yi luo ke   mi gao	Oral
UHF0147	买朱尼 达瓦衣米西克 阿日 蜜膏	mai zhu ni   da wa yi mi xi ke   a ri   mi gao	Oral
UHF0148	买朱尼 达瓦衣米西克 巴日德 蜜膏	mai zhu ni   da wa yi mi xi ke   ba ri de   mi gao	Oral
UHF0149	买朱尼 达瓦衣米西克 木提地力 蜜膏Ⅰ	mai zhu ni   da wa yi mi xi ke   mu ti di li   mi gao Ⅰ	Oral
UHF0150	买朱尼 达瓦衣米西克 木提地力 蜜膏Ⅱ	mai zhu ni   da wa yi mi xi ke   mu ti di li   mi gao Ⅱ	Oral
UHF0151	买朱尼 达瓦衣米西克 西仁 蜜膏	mai zhu ni   da wa yi mi xi ke   xi ren   mi gao	Oral
UHF0152	买朱尼 代比地力 外尔德 蜜膏Ⅰ	mai zhu ni   dai bi di li   wai er de   mi gao Ⅰ	Oral
UHF0153	买朱尼 代比地力外尔德 蜜膏Ⅱ	mai zhu ni   dai bi di li wai er de   mi gao Ⅱ	Oral
UHF0154	买朱尼 代比地力外尔德 蜜膏Ⅲ	mai zhu ni   dai bi di li wai er de   mi gao Ⅲ	Oral
UHF0155	买朱尼 福地乃 蜜膏	mai zhu ni   fu di nai   mi gao	Oral
UHF0156	买朱尼 古丽那尔 蜜膏	mai zhu ni   gu li na er   mi gao	Oral
UHF0157	买朱尼 合亚尔先白日 蜜膏	mai zhu ni   he ya er xian bai ri   mi gao	Oral
UHF0158	买朱尼 黑亚斯 蜜膏	mai zhu ni   hei ya si   mi gao	Oral
UHF0159	买朱尼 胡比苏力 艾地德 蜜膏	mai zhu ni   hu bi su li   ai di de   mi gao	Oral
UHF0160	买朱尼 胡代 开比日 蜜膏	mai zhu ni   hu dai   kai bi ri   mi gao	Oral
UHF0161	买朱尼 胡代 赛格日 蜜膏	mai zhu ni   hu dai   sai ge ri   mi gao	Oral
UHF0162	买朱尼 混 蜜膏	mai zhu ni   hun   mi gao	Oral
UHF0163	买朱尼 加拉里丁和田尼 蜜膏	mai zhu ni   jia la li ding he tian ni   mi gao	Oral
UHF0164	买朱尼 节维孜拜瓦 蜜膏	mai zhu ni   jie wei zi bai wa   mi gao	Oral
UHF0165	买朱尼 卡巴比其尼 蜜膏	mai zhu ni   ka ba bi qi ni   mi gao	Oral
UHF0166	买朱尼 卡克乃吉 蜜膏	mai zhu ni   ka ke nai ji   mi gao	Oral
UHF0167	买朱尼 卡力孜热 蜜膏Ⅰ	mai zhu ni   ka li zi re   mi gao Ⅰ	Oral
UHF0168	买朱尼 卡力孜热 蜜膏Ⅱ	mai zhu ni   ka li zi re   mi gao Ⅱ	Oral
UHF0169	买朱尼 卡麻孜日优斯 蜜膏	mai zhu ni   ka ma zi ri you si   mi gao	Oral
UHF0170	买朱尼 卡思尔日亚 蜜膏	mai zhu ni   ka si er ri ya   mi gao	Oral
UHF0171	买朱尼 开合日巴 蜜膏	mai zhu ni   kai he ri ba   mi gao	Oral
UHF0172	买朱尼 开皮 蜜膏	mai zhu ni   kai pi   mi gao	Oral
UHF0173	买朱尼 开西尼孜 蜜膏	mai zhu ni   kai xi ni zi   mi gao	Oral
UHF0174	买朱尼 库日土米 蜜膏	mai zhu ni   ku ri tu mi   mi gao	Oral
UHF0175	买朱尼 困都尔 蜜膏	mai zhu ni   kun dou er   mi gao	Oral
UHF0176	买朱尼 木地日 白吾力 蜜膏Ⅰ	mai zhu ni   mu di ri   bai wu li   mi gao Ⅰ	Oral
UHF0177	买朱尼 木地日 白吾力 蜜膏Ⅱ	mai zhu ni   mu di ri   bai wu li   mi gao Ⅱ	Oral
UHF0178	买朱尼 木尔买克 蜜膏	mai zhu ni   mu er mai ke   mi gao	Oral
UHF0179	买朱尼 木合台赛尔 蜜膏	mai zhu ni   mu he tai sai er   mi gao	Oral
UHF0180	买朱尼 木开维 开力比 蜜膏	mai zhu ni   mu kai wei   kai li bi   mi gao	Oral
UHF0181	买朱尼 木排土力阿萨提 蜜膏	mai zhu ni   mu pai tu li a sa ti   mi gao	Oral
UHF0182	买朱尼 努西达日 蜜膏	mai zhu ni   nu xi da ri   mi gao	Oral
UHF0183	买朱尼 葡罗尼亚 蜜膏	mai zhu ni   pu luo ni ya   mi gao	Oral
UHF0184	买朱尼 热阿提 蜜膏Ⅰ	mai zhu ni   re a ti   mi gao Ⅰ	Oral
UHF0185	买朱尼 热阿提 蜜膏Ⅱ	mai zhu ni   re a ti   mi gao Ⅱ	Oral
UHF0186	买朱尼 热西德 蜜膏	mai zhu ni   re xi de   mi gao	Oral
UHF0187	买朱尼 赛尔海司 蜜膏	mai zhu ni   sai er hai si   mi gao	Oral
UHF0188	买朱尼 赛排尔吉力 蜜膏	mai zhu ni   sai pai er ji li   mi gao	Oral
UHF0189	买朱尼 晒衣比 糖膏	mai zhu ni   shai yi bi   tang gao	Oral
UHF0190	买朱尼 斯力 日也 蜜膏	mai zhu ni   si li   ri ye   mi gao	Oral
UHF0191	买朱尼 苏来比 蜜膏	mai zhu ni   su lai bi   mi gao	Oral
UHF0192	买朱尼 苏仁江 蜜膏	mai zhu ni   su ren jiang   mi gao	Oral
UHF0193	买朱尼 土如布提 蜜膏	mai zhu ni   tu ru bu ti   mi gao	Oral
UHF0194	买朱尼 外吉 蜜膏	mai zhu ni   wai ji   mi gao	Oral
UHF0195	买朱尼 也合亚 蜜膏	mai zhu ni   ye he ya   mi gao	Oral
UHF0196	买朱尼 也吉如力也胡德 蜜膏Ⅰ	mai zhu ni   ye ji ru li ye hu de   mi gao Ⅰ	Oral
UHF0197	买朱尼 伊本西拿 蜜膏	mai zhu ni   yi ben xi na   mi gao	Oral
UHF0198	蒙孜吉 巴地洋 成熟剂	meng zi ji   ba di yang   cheng shu ji	Oral
UHF0199	蒙孜吉 白里海密 成熟剂	meng zi ji   bai li hai mi   cheng shu ji	Oral
UHF0200	蒙孜吉 白热色 成熟剂Ⅰ	meng zi ji   bai re se   cheng shu ji Ⅰ	Oral
UHF0201	蒙孜吉 白热色 成熟剂Ⅱ	meng zi ji   bai re se   cheng shu ji Ⅱ	Oral
UHF0202	蒙孜吉 白热色 成熟剂Ⅲ	meng zi ji   bai re se   cheng shu ji Ⅲ	Oral
UHF0203	蒙孜吉 白热色 成熟剂Ⅳ	meng zi ji   bai re se   cheng shu ji Ⅳ	Oral
UHF0204	蒙孜吉 赛危大 成熟剂	meng zi ji   sai wei da   cheng shu ji	Oral
UHF0205	蒙孜吉 夏塔热 成熟剂	meng zi ji   xia ta re   cheng shu ji	Oral
UHF0206	木克衣 白里海密 催吐方	mu ke yi   bai li hai mi   cui tu fang	Oral
UHF0207	木克衣 赛危大 催吐方Ⅰ	mu ke yi   sai wei da   cui tu fang Ⅰ	Oral
UHF0208	木克衣 赛危大 催吐方Ⅱ	mu ke yi   sai wei da   cui tu fang Ⅱ	Oral
UHF0209	木排日 开西尼孜 爽心膏	mu pai ri   kai xi ni zi   shuang xin gao	Oral
UHF0210	木排日 三代力来引 爽心膏	mu pai ri   san dai li lai yin   shuang xin gao	Oral
UHF0211	木排日 亚库提 爽心膏	mu pai ri   ya ku ti   shuang xin gao	Oral
UHF0212	木热巴衣 节再尔 果浆	mu re ba yi   jie zai er   guo jiang	Oral
UHF0213	木斯力 白热色 清除剂	mu si li   bai re se   qing chu ji	Oral
UHF0214	木斯力 木法斯力 清除剂	mu si li   mu fa si li   qing chu ji	Oral
UHF0215	木斯力 其拉帕 清除剂	mu si li   qi la pa   qing chu ji	Oral
UHF0216	木斯力 赛危大 清除剂	mu si li   sai wei da   qing chu ji	Oral
UHF0217	木斯力 伊提日非力 清除剂	mu si li   yi ti ri fei li   qing chu ji	Oral
UHF0218	努库衣 阿米则 浸泡液Ⅰ	nu ku yi   a mi ze   jin pao ye Ⅰ	Oral
UHF0219	努库衣 阿米则 浸泡液Ⅱ	nu ku yi   a mi ze   jin pao ye Ⅱ	Oral
UHF0220	努库衣 阿那尔达乃 浸泡液	nu ku yi   a na er da nai   jin pao ye	Oral
UHF0221	努库衣 艾力勒 浸泡液Ⅰ	nu ku yi   ai li lei   jin pao ye Ⅰ	Oral
UHF0222	努库衣 艾力勒 浸泡液Ⅱ	nu ku yi   ai li lei   jin pao ye Ⅱ	Oral
UHF0223	努库衣 开西尼孜 浸泡液	nu ku yi   kai xi ni zi   jin pao ye	Oral
UHF0224	努库衣 帕瓦克 浸泡液	nu ku yi   pa wa ke   jin pao ye	Oral
UHF0225	努库衣 台米日印地 浸泡液	nu ku yi   tai mi ri yin di   jin pao ye	Oral
UHF0226	热维改尼 比也 油	re wei gai ni   bi ye   you	Oral
UHF0227	热维改尼 古丽苏如合 油	re wei gai ni   gu li su ru he   you	Oral
UHF0228	守尔巴衣 木如合 肉汤	shou er ba yi   mu ru he   rou tang	Oral
UHF0229	斯日坎吉本 安斯力 醋糖浆	si ri kan ji ben   an si li   cu tang jiang	Oral
UHF0230	斯日坎吉本 白祖日 阿日 醋糖浆	si ri kan ji ben   bai zu ri   a ri   cu tang jiang	Oral
UHF0231	斯日坎吉本 白祖日 巴日德 醋糖浆Ⅰ	si ri kan ji ben   bai zu ri   ba ri de   cu tang jiang Ⅰ	Oral
UHF0232	斯日坎吉本 白祖日 巴日德 醋糖浆Ⅱ	si ri kan ji ben   bai zu ri   ba ri de   cu tang jiang Ⅱ	Oral
UHF0233	斯日坎吉本 白祖日 木提地里 醋糖浆	si ri kan ji ben   bai zu ri   mu ti di li   cu tang jiang	Oral
UHF0234	斯日坎吉本 比也 醋糖浆	si ri kan ji ben   bi ye   cu tang jiang	Oral
UHF0235	斯日坎吉本 比也 力木尼 醋糖浆	si ri kan ji ben   bi ye   li mu ni   cu tang jiang	Oral
UHF0236	斯日坎吉本 比也 木热开比 醋糖浆	si ri kan ji ben   bi ye   mu re kai bi   cu tang jiang	Oral
UHF0237	斯日坎吉本 福外 醋糖浆	si ri kan ji ben   fu wai   cu tang jiang	Oral
UHF0238	斯日坎吉本 那尼华 醋糖浆Ⅰ	si ri kan ji ben   na ni hua   cu tang jiang Ⅰ	Oral
UHF0239	斯日坎吉本 那尼华 醋糖浆Ⅱ	si ri kan ji ben   na ni hua   cu tang jiang Ⅱ	Oral
UHF0240	斯日坎吉本 欧苏力 白祖日 醋糖浆	si ri kan ji ben   ou su li   bai zu ri   cu tang jiang	Oral
UHF0241	斯日坎吉本 热万 醋糖浆	si ri kan ji ben   re wan   cu tang jiang	Oral
UHF0242	斯日坎吉本 如马尼 醋糖浆	si ri kan ji ben   ru ma ni   cu tang jiang	Oral
UHF0243	斯日坎吉本 再比比 醋糖浆	si ri kan ji ben   zai bi bi   cu tang jiang	Oral
UHF0244	苏福非 阿米勒 散Ⅰ	su fu fei   a mi lei   san Ⅰ	Oral
UHF0245	苏福非 阿米勒 散Ⅱ	su fu fei   a mi lei   san Ⅱ	Oral
UHF0246	苏福非 阿那尔达乃 散	su fu fei   a na er da nai   san	Oral
UHF0247	苏福非 阿亚热吉 巴日德 苦散Ⅰ	su fu fei   a ya re ji   ba ri de   ku san Ⅰ	Oral
UHF0248	苏福非 阿亚热吉 巴日德 苦散Ⅱ	su fu fei   a ya re ji   ba ri de   ku san Ⅱ	Oral
UHF0249	苏福非 巴地洋 散	su fu fei   ba di yang   san	Oral
UHF0250	苏福非 白瓦斯尔 散	su fu fei   bai wa si er   san	Oral
UHF0251	苏福非 白祖日 散	su fu fei   bai zu ri   san	Oral
UHF0252	苏福非 白祖日 散Ⅰ	su fu fei   bai zu ri   san Ⅰ	Oral
UHF0253	苏福非 白祖日 散Ⅱ	su fu fei   bai zu ri   san Ⅱ	Oral
UHF0254	苏福非 白祖如力班吉 散	su fu fei   bai zu ru li ban ji   san	Oral
UHF0255	苏福非 地当 散Ⅰ	su fu fei   di dang   san Ⅰ	Oral
UHF0256	苏福非 地当 散Ⅱ	su fu fei   di dang   san Ⅱ	Oral
UHF0257	苏福非 福瓦克 散	su fu fei   fu wa ke   san	Oral
UHF0258	苏福非 卡库乐 散	su fu fei   ka ku le   san	Oral
UHF0259	苏福非 开合日巴 散	su fu fei   kai he ri ba   san	Oral
UHF0260	苏福非 开来 散	su fu fei   kai lai   san	Oral
UHF0261	苏福非 开然非里 散	su fu fei   kai ran fei li   san	Oral
UHF0262	苏福非 开热非谢 散	su fu fei   kai re fei xie   san	Oral
UHF0263	苏福非 开西尼孜 散	su fu fei   kai xi ni zi   san	Oral
UHF0264	苏福非 开西尼孜 散Ⅰ	su fu fei   kai xi ni zi   san Ⅰ	Oral
UHF0265	苏福非 开西尼孜 散Ⅱ	su fu fei   kai xi ni zi   san Ⅱ	Oral
UHF0266	苏福非 困都尔 散	su fu fei   kun dou er   san	Oral
UHF0267	苏福非 马尼 开止吐散	su fu fei   ma ni   kai zhi tu san	Oral
UHF0268	苏福非 买斯提克 散	su fu fei   mai si ti ke   san	Oral
UHF0269	苏福非 木地日 白吾力 散	su fu fei   mu di ri   bai wu li   san	Oral
UHF0270	苏福非 木地日 白吾力 散Ⅰ	su fu fei   mu di ri   bai wu li   san Ⅰ	Oral
UHF0271	苏福非 木地日 白吾力Ⅱ	su fu fei   mu di ri   bai wu li Ⅱ	Oral
UHF0272	苏福非 木地日 白吾力散Ⅲ	su fu fei   mu di ri   bai wu li san Ⅲ	Oral
UHF0273	苏福非 木克力亚萨 散	su fu fei   mu ke li ya sa   san	Oral
UHF0274	苏福非 那尼华 散	su fu fei   na ni hua   san	Oral
UHF0275	苏福非 乃福苏代米 散	su fu fei   nai fu su dai mi   san	Oral
UHF0276	苏福非 破斯提阿那尔 散	su fu fei   po si ti a na er   san	Oral
UHF0277	苏福非 赛地日 代瓦尔 散	su fu fei   sai di ri   dai wa er   san	Oral
UHF0278	苏福非 赛日堂 散	su fu fei   sai ri tang   san	Oral
UHF0279	苏福非 说热 散	su fu fei   shuo re   san	Oral
UHF0280	苏福非 苏仁江 散	su fu fei   su ren jiang   san	Oral
UHF0281	苏福非 塔巴西尔 散	su fu fei   ta ba xi er   san	Oral
UHF0282	苏福非 台皮 散	su fu fei   tai pi   san	Oral
UHF0283	苏福非 厅 散Ⅰ	su fu fei   ting   san Ⅰ	Oral
UHF0284	苏福非 厅 散Ⅱ	su fu fei   ting   san Ⅱ	Oral
UHF0285	苏福非 土如布德 散	su fu fei   tu ru bu de   san	Oral
UHF0286	苏福非 吐胡米 海提米 散	su fu fei   tu hu mi   hai ti mi   san	Oral
UHF0287	苏福非 外尔德 散	su fu fei   wai er de   san	Oral
UHF0288	苏福非 依斯哈力 开白地 散	su fu fei   yi si ha li   kai bai di   san	Oral
UHF0289	苏福非 再合热 散Ⅰ	su fu fei   zai he re   san Ⅰ	Oral
UHF0290	苏福非 再合热 散Ⅱ	su fu fei   zai he re   san Ⅱ	Oral
UHF0291	苏福非 孜亚比提 散Ⅰ	su fu fei   zi ya bi ti   san Ⅰ	Oral
UHF0292	苏福非 孜亚比提 散Ⅱ	su fu fei   zi ya bi ti   san Ⅱ	Oral
UHF0293	塔尔亚克 乃孜乐 解毒膏	ta er ya ke   nai zi le   jie du gao	Oral
UHF0294	谢日比提 阿那尔 木斯力 糖浆	xie ri bi ti   a na er   mu si li   tang jiang	Oral
UHF0295	谢日比提 阿那尔 普地乃 糖浆	xie ri bi ti   a na er   pu di nai   tang jiang	Oral
UHF0296	谢日比提 阿那尔 土如西 糖浆	xie ri bi ti   a na er   tu ru xi   tang jiang	Oral
UHF0297	谢日比提 艾比日西米 糖浆	xie ri bi ti   ai bi ri xi mi   tang jiang	Oral
UHF0298	谢日比提 艾非散厅 糖浆Ⅰ	xie ri bi ti   ai fei san ting   tang jiang Ⅰ	Oral
UHF0299	谢日比提 艾非散厅 糖浆Ⅱ	xie ri bi ti   ai fei san ting   tang jiang Ⅱ	Oral
UHF0300	谢日比提 艾非散厅 糖浆Ⅲ	xie ri bi ti   ai fei san ting   tang jiang Ⅲ	Oral
UHF0301	谢日比提 艾那罗 糖浆	xie ri bi ti   ai na luo   tang jiang	Oral
UHF0302	谢日比提 艾赛力 哈力斯 糖浆	xie ri bi ti   ai sai li   ha li si   tang jiang	Oral
UHF0303	谢日比提 艾赛力 木热开比 糖浆Ⅰ	xie ri bi ti   ai sai li   mu re kai bi   tang jiang Ⅰ	Oral
UHF0304	谢日比提 艾赛力 木热开比 糖浆Ⅱ	xie ri bi ti   ai sai li   mu re kai bi   tang jiang Ⅱ	Oral
UHF0305	谢日比提 艾赛力 糖浆	xie ri bi ti   ai sai li   tang jiang	Oral
UHF0306	谢日比提 安吉巴尔 糖浆	xie ri bi ti   an ji ba er   tang jiang	Oral
UHF0307	谢日比提 巴地然吉 糖浆	xie ri bi ti   ba di ran ji   tang jiang	Oral
UHF0308	谢日比提 巴地洋 糖浆	xie ri bi ti   ba di yang   tang jiang	Oral
UHF0309	谢日比提 白热斯 糖浆	xie ri bi ti   bai re si   tang jiang	Oral
UHF0310	谢日比提 白斯提法也吉 糖浆	xie ri bi ti   bai si ti fa ye ji   tang jiang	Oral
UHF0311	谢日比提 白祖日 巴日德 糖浆	xie ri bi ti   bai zu ri   ba ri de   tang jiang	Oral
UHF0312	谢日比提 白祖日 糖浆	xie ri bi ti   bai zu ri   tang jiang	Oral
UHF0313	谢日比提 比合苏斯 糖浆	xie ri bi ti   bi he su si   tang jiang	Oral
UHF0314	谢日比提 迪那尔 糖浆Ⅰ	xie ri bi ti   di na er   tang jiang Ⅰ	Oral
UHF0315	谢日比提 迪那尔 糖浆Ⅱ	xie ri bi ti   di na er   tang jiang Ⅱ	Oral
UHF0316	谢日比提 迪那尔 糖浆Ⅲ	xie ri bi ti   di na er   tang jiang Ⅲ	Oral
UHF0317	谢日比提 福地乃 糖浆	xie ri bi ti   fu di nai   tang jiang	Oral
UHF0318	谢日比提 海赛克 糖浆	xie ri bi ti   hai sai ke   tang jiang	Oral
UHF0319	谢日比提 胡麻尔 糖浆	xie ri bi ti   hu ma er   tang jiang	Oral
UHF0320	谢日比提 卡胡 糖浆	xie ri bi ti   ka hu   tang jiang	Oral
UHF0321	谢日比提 库树西 糖浆	xie ri bi ti   ku shu xi   tang jiang	Oral
UHF0322	谢日比提 力檬 糖浆	xie ri bi ti   li meng   tang jiang	Oral
UHF0323	谢日比提 蒙孜吉 马西热 糖浆	xie ri bi ti   meng zi ji   ma xi re   tang jiang	Oral
UHF0324	谢日比提 木来引 糖浆	xie ri bi ti   mu lai yin   tang jiang	Oral
UHF0325	谢日比提 那尼华 糖浆	xie ri bi ti   na ni hua   tang jiang	Oral
UHF0326	谢日比提 欧德 土如西 糖浆	xie ri bi ti   ou de   tu ru xi   tang jiang	Oral
UHF0327	谢日比提 欧里白 糖浆	xie ri bi ti   ou li bai   tang jiang	Oral
UHF0328	谢日比提 欧那比 木热开比 糖浆	xie ri bi ti   ou na bi   mu re kai bi   tang jiang	Oral
UHF0329	谢日比提 欧那比 糖浆	xie ri bi ti   ou na bi   tang jiang	Oral
UHF0330	谢日比提 欧那比 糖浆Ⅰ	xie ri bi ti   ou na bi   tang jiang Ⅰ	Oral
UHF0331	谢日比提 欧那比 糖浆Ⅱ	xie ri bi ti   ou na bi   tang jiang Ⅱ	Oral
UHF0332	谢日比提 欧那比 糖浆Ⅲ	xie ri bi ti   ou na bi   tang jiang Ⅲ	Oral
UHF0333	谢日比提 欧斯提胡都司 糖浆	xie ri bi ti   ou si ti hu dou si   tang jiang	Oral
UHF0334	谢日比提 欧斯提胡都斯 糖浆Ⅰ	xie ri bi ti   ou si ti hu dou si   tang jiang Ⅰ	Oral
UHF0335	谢日比提 欧斯提胡都斯 糖浆Ⅱ	xie ri bi ti   ou si ti hu dou si   tang jiang Ⅱ	Oral
UHF0336	谢日比提 欧斯提胡都斯 糖浆Ⅲ	xie ri bi ti   ou si ti hu dou si   tang jiang Ⅲ	Oral
UHF0337	谢日比提 欧斯提胡都斯 糖浆Ⅳ	xie ri bi ti   ou si ti hu dou si   tang jiang Ⅳ	Oral
UHF0338	谢日比提 欧斯提胡都斯 糖浆Ⅴ	xie ri bi ti   ou si ti hu dou si   tang jiang Ⅴ	Oral
UHF0339	谢日比提 欧斯提胡都斯 糖浆Ⅵ	xie ri bi ti   ou si ti hu dou si   tang jiang Ⅵ	Oral
UHF0340	谢日比提 欧斯提胡都斯 糖浆Ⅶ	xie ri bi ti   ou si ti hu dou si   tang jiang Ⅶ	Oral
UHF0341	谢日比提 欧斯提胡都斯 糖浆Ⅷ	xie ri bi ti   ou si ti hu dou si   tang jiang Ⅷ	Oral
UHF0342	谢日比提 排台尔阿萨里云 糖浆	xie ri bi ti   pai tai er a sa li yun   tang jiang	Oral
UHF0343	谢日比提 排瓦克 糖浆	xie ri bi ti   pai wa ke   tang jiang	Oral
UHF0344	谢日比提 热依汗 糖浆	xie ri bi ti   re yi han   tang jiang	Oral
UHF0345	谢日比提 如米巴地洋 糖浆	xie ri bi ti   ru mi ba di yang   tang jiang	Oral
UHF0346	谢日比提 赛日皮斯堂 糖浆	xie ri bi ti   sai ri pi si tang   tang jiang	Oral
UHF0347	谢日比提 斯依比 木热开比 糖浆	xie ri bi ti   si yi bi   mu re kai bi   tang jiang	Oral
UHF0348	谢日比提 苏阿力 糖浆	xie ri bi ti   su a li   tang jiang	Oral
UHF0349	谢日比提 苏扎皮 糖浆	xie ri bi ti   su zha pi   tang jiang	Oral
UHF0350	谢日比提 孙布力 糖浆	xie ri bi ti   sun bu li   tang jiang	Oral
UHF0351	谢日比提 台皮 木热开比 糖浆	xie ri bi ti   tai pi   mu re kai bi   tang jiang	Oral
UHF0352	谢日比提 台皮 赛非拉维 糖浆	xie ri bi ti   tai pi   sai fei la wei   tang jiang	Oral
UHF0353	谢日比提 外尔地 糖浆	xie ri bi ti   wai er di   tang jiang	Oral
UHF0354	谢日比提 伊加孜 糖浆	xie ri bi ti   yi jia zi   tang jiang	Oral
UHF0355	谢日比提 孜日克 糖浆	xie ri bi ti   zi ri ke   tang jiang	Oral
UHF0356	谢日比提 祖法 巴日德 糖浆	xie ri bi ti   zu fa   ba ri de   tang jiang	Oral
UHF0357	谢日比提 祖法 糖浆Ⅰ	xie ri bi ti   zu fa   tang jiang Ⅰ	Oral
UHF0358	谢日比提 祖法 糖浆Ⅱ	xie ri bi ti   zu fa   tang jiang Ⅱ	Oral
UHF0359	谢日比提 祖法 糖浆Ⅲ	xie ri bi ti   zu fa   tang jiang Ⅲ	Oral
UHF0360	伊提日非力 阿马尼 蜜膏	yi ti ri fei li   a ma ni   mi gao	Oral
UHF0361	伊提日非力 艾非提蒙 诃子膏	yi ti ri fei li   ai fei ti meng   he zi gao	Oral
UHF0362	伊提日非力 巴地洋 诃子膏	yi ti ri fei li   ba di yang   he zi gao	Oral
UHF0363	伊提日非力 胡代 诃子膏	yi ti ri fei li   hu dai   he zi gao	Oral
UHF0364	伊提日非力 开比日 诃子膏Ⅰ	yi ti ri fei li   kai bi ri   he zi gao Ⅰ	Oral
UHF0365	伊提日非力 开比日 诃子膏Ⅱ	yi ti ri fei li   kai bi ri   he zi gao Ⅱ	Oral
UHF0366	伊提日非力 开西尼孜 诃子膏	yi ti ri fei li   kai xi ni zi   he zi gao	Oral
UHF0367	伊提日非力 开西尼孜 木来印 诃子膏	yi ti ri fei li   kai xi ni zi   mu lai yin   he zi gao	Oral
UHF0368	伊提日非力 开西尼孜 木再帕尔 诃子膏	yi ti ri fei li   kai xi ni zi   mu zai pa er   he zi gao	Oral
UHF0369	伊提日非力 克西蜜西 诃子膏	yi ti ri fei li   ke xi mi xi   he zi gao	Oral
UHF0370	伊提日非力 木开力 诃子膏	yi ti ri fei li   mu kai li   he zi gao	Oral
UHF0371	伊提日非力 木来引 诃子膏	yi ti ri fei li   mu lai yin   he zi gao	Oral
UHF0372	伊提日非力 欧斯提胡都斯 诃膏Ⅱ	yi ti ri fei li   ou si ti hu dou si   he gao Ⅱ	Oral
UHF0373	伊提日非力 欧斯提胡都斯 诃子膏Ⅰ	yi ti ri fei li   ou si ti hu dou si   he zi gao Ⅰ	Oral
UHF0374	伊提日非力 萨那 诃子膏	yi ti ri fei li   sa na   he zi gao	Oral
UHF0375	伊提日非力 赛格日 诃子膏	yi ti ri fei li   sai ge ri   he zi gao	Oral
UHF0376	朱拉比 浸泡方Ⅰ	zhu la bi   jin pao fang Ⅰ	Oral
UHF0377	朱拉比 浸泡方Ⅱ	zhu la bi   jin pao fang Ⅱ	Oral
UHF0378	朱瓦日西 阿米勒 消食膏Ⅰ	zhu wa ri xi   a mi lei   xiao shi gao Ⅰ	Oral
UHF0379	朱瓦日西 阿米勒 消食膏Ⅱ	zhu wa ri xi   a mi lei   xiao shi gao Ⅱ	Oral
UHF0380	朱瓦日西 安拜日 消食膏	zhu wa ri xi   an bai ri   xiao shi gao	Oral
UHF0381	朱瓦日西 比也 消食膏	zhu wa ri xi   bi ye   xiao shi gao	Oral
UHF0382	朱瓦日西 达日其尼 消食膏	zhu wa ri xi   da ri qi ni   xiao shi gao	Oral
UHF0383	朱瓦日西 胡比苏力艾地德 消食膏	zhu wa ri xi   hu bi su li ai di de   xiao shi gao	Oral
UHF0384	朱瓦日西 胡孜 消食膏	zhu wa ri xi   hu zi   xiao shi gao	Oral
UHF0385	朱瓦日西 加力努斯 消食膏	zhu wa ri xi   jia li nu si   xiao shi gao	Oral
UHF0386	朱瓦日西 库木尼 蜜膏	zhu wa ri xi   ku mu ni   mi gao	Oral
UHF0387	朱瓦日西 困都尔 消食膏	zhu wa ri xi   kun dou er   xiao shi gao	Oral
UHF0388	朱瓦日西 买斯提克 消食膏	zhu wa ri xi   mai si ti ke   xiao shi gao	Oral
UHF0389	朱瓦日西 努西达日 消食膏	zhu wa ri xi   nu xi da ri   xiao shi gao	Oral
UHF0390	朱瓦日西 欧德 消食膏	zhu wa ri xi   ou de   xiao shi gao	Oral
UHF0391	朱瓦日西 排瓦克 消食膏	zhu wa ri xi   pai wa ke   xiao shi gao	Oral
UHF0392	朱瓦日西 赛排尔吉力 消食膏	zhu wa ri xi   sai pai er ji li   xiao shi gao	Oral
UHF0393	朱瓦日西 斯依比 消食膏	zhu wa ri xi   si yi bi   xiao shi gao	Oral
UHF0394	朱瓦日西 塔巴西尔 消食膏Ⅰ	zhu wa ri xi   ta ba xi er   xiao shi gao Ⅰ	Oral
UHF0395	朱瓦日西 塔巴西尔 消食膏Ⅱ	zhu wa ri xi   ta ba xi er   xiao shi gao Ⅱ	Oral
UHF0396	朱瓦日西 土润吉 消食膏	zhu wa ri xi   tu run ji   xiao shi gao	Oral
UHF0397	朱瓦日西 谢合日亚尼 消食膏	zhu wa ri xi   xie he ri ya ni   xiao shi gao	Oral
UHF0398	朱瓦日西 赞吉比力 消食膏	zhu wa ri xi   zan ji bi li   xiao shi gao	Oral
UHF0399	朱瓦日西 孜热 消食膏	zhu wa ri xi   zi re   xiao shi gao	Oral
UHF0400	阿比再尼 木帕斯里 洗脚剂	a bi zai ni   mu pa si li   xi jiao ji	Topical
UHF0401	艾土斯 打喷嚏方Ⅰ	ai tu si   da pen ti fang Ⅰ	Topical
UHF0402	艾土斯 打喷嚏方Ⅱ	ai tu si   da pen ti fang Ⅱ	Topical
UHF0403	波胡日 赛尔萨米 熏剂	bo hu ri   sai er sa mi   xun ji	Topical
UHF0404	波胡日 熏方	bo hu ri   xun fang	Topical
UHF0405	海日海日 漱口液	hai ri hai ri   shu kou ye	Topical
UHF0406	克如提 胡代 蜡膏	ke ru ti   hu dai   la gao	Topical
UHF0407	库合力 苏日买 粉	ku he li   su ri mai   fen	Topical
UHF0408	库合力 伊克斯仁 眼粉	ku he li   yi ke si ren   yan fen	Topical
UHF0409	库土日 眼滴液	ku tu ri   yan di ye	Topical
UHF0410	买日合米 白孜 软膏	mai ri he mi   bai zi   ruan gao	Topical
UHF0411	买日合米 大合力云 软膏Ⅰ	mai ri he mi   da he li yun   ruan gao Ⅰ	Topical
UHF0412	买日合米 大合力云 软膏Ⅱ	mai ri he mi   da he li yun   ruan gao Ⅱ	Topical
UHF0413	买日合米 合尔代力 软膏	mai ri he mi   he er dai li   ruan gao	Topical
UHF0414	买日合米 克比日提 软膏	mai ri he mi   ke bi ri ti   ruan gao	Topical
UHF0415	买日合米 克西日 节维孜 软膏	mai ri he mi   ke xi ri   jie wei zi   ruan gao	Topical
UHF0416	买日合米 欧卡比 软膏	mai ri he mi   ou ka bi   ruan gao	Topical
UHF0417	买日合米 如苏提 软膏	mai ri he mi   ru su ti   ruan gao	Topical
UHF0418	买日合米 说热 软膏	mai ri he mi   shuo re   ruan gao	Topical
UHF0419	买日合米 斯马比 软膏	mai ri he mi   si ma bi   ruan gao	Topical
UHF0420	买日合米 赞尕尔 软膏	mai ri he mi   zan ga er   ruan gao	Topical
UHF0421	买日合米 扎克 软膏	mai ri he mi   zha ke   ruan gao	Topical
UHF0422	买提布合 比乃非谢 汤	mai ti bu he   bi nai fei xie   tang	Topical
UHF0423	努土力 衣克力勒买力克 洗液	nu tu li   yi ke li lei mai li ke   xi ye	Topical
UHF0424	欧克乃衣 安左如提 灌阴液	ou ke nai yi   an zuo ru ti   guan yin ye	Topical
UHF0425	欧克乃衣 地当 灌肠液Ⅰ	ou ke nai yi   di dang   guan chang ye Ⅰ	Topical
UHF0426	欧克乃衣 地当 灌肠液Ⅱ	ou ke nai yi   di dang   guan chang ye Ⅱ	Topical
UHF0427	欧克乃衣 地当 灌肠液Ⅲ	ou ke nai yi   di dang   guan chang ye Ⅲ	Topical
UHF0428	欧克乃衣 米西米西卡拉比 灌阴液	ou ke nai yi   mi xi mi xi ka la bi   guan yin ye	Topical
UHF0429	欧克乃衣 木地日 艾衣孜 灌阴液Ⅰ	ou ke nai yi   mu di ri   ai yi zi   guan yin ye Ⅰ	Topical
UHF0430	欧克乃衣 木地日 艾衣孜 灌阴液Ⅱ	ou ke nai yi   mu di ri   ai yi zi   guan yin ye Ⅱ	Topical
UHF0431	欧克乃衣 破斯提 阿那尔 灌肠液	ou ke nai yi   po si ti   a na er   guan chang ye	Topical
UHF0432	欧克乃衣 赛尔萨米 灌肠液	ou ke nai yi   sai er sa mi   guan chang ye	Topical
UHF0433	欧克乃衣 西比提 灌阴液	ou ke nai yi   xi bi ti   guan yin ye	Topical
UHF0434	欧木力 木地日 艾衣孜 阴道栓	ou mu li   mu di ri   ai yi zi   yin dao shuan	Topical
UHF0435	帕舒也衣 赛尔萨米 浴液	pa shu ye yi   sai er sa mi   yu ye	Topical
UHF0436	帕舒也衣 苏达 洗剂	pa shu ye yi   su da   xi ji	Topical
UHF0437	排日孜节 射米 阴道栓	pai ri zi jie   she mi   yin dao shuan	Topical
UHF0438	排提勒衣 木斯力 木来引 栓剂	pai ti lei yi   mu si li   mu lai yin   shuan ji	Topical
UHF0439	热维改尼 波祖哈 油	re wei gai ni   bo zu ha   you	Topical
UHF0440	热维改尼 库斯台 油	re wei gai ni   ku si tai   you	Topical
UHF0441	热维改尼 罗补比 赛比艾 油	re wei gai ni   luo bu bi   sai bi ai   you	Topical
UHF0442	热维改尼 罗补比 油	re wei gai ni   luo bu bi   you	Topical
UHF0443	热维改尼 外尔地 油	re wei gai ni   wai er di   you	Topical
UHF0444	晒木米 赛尔萨米 鼻闻剂	shai mu mi   sai er sa mi   bi wen ji	Topical
UHF0445	苏福非 艾力勒 散	su fu fei   ai li lei   san	Topical
UHF0446	苏福非 木热开比 散	su fu fei   mu re kai bi   san	Topical
UHF0447	提拉衣 比乃非谢 液剂	ti la yi   bi nai fei xie   ye ji	Topical
UHF0448	提拉衣 塔巴西尔 黏剂	ti la yi   ta ba xi er   nian ji	Topical
UHF0449	西亚非 艾比也孜 点眼栓	xi ya fei   ai bi ye zi   dian yan shuan	Topical
UHF0450	西亚非 艾斯外德 点眼栓	xi ya fei   ai si wai de   dian yan shuan	Topical
UHF0451	西亚非 布热 艾日米尼 点耳栓	xi ya fei   bu re   ai ri mi ni   dian er shuan	Topical
UHF0452	西亚非 地当 栓剂Ⅰ	xi ya fei   di dang   shuan ji Ⅰ	Topical
UHF0453	西亚非 地当 栓剂Ⅱ	xi ya fei   di dang   shuan ji Ⅱ	Topical
UHF0454	西亚非 耳聋 点耳栓	xi ya fei   er long   dian er shuan	Topical
UHF0455	西亚非 合亚尔先白日 肛门栓	xi ya fei   he ya er xian bai ri   gang men shuan	Topical
UHF0456	西亚非 卡福尔 点眼栓	xi ya fei   ka fu er   dian yan shuan	Topical
UHF0457	西亚非 拿然吉 点眼栓	xi ya fei   na ran ji   dian yan shuan	Topical
UHF0458	西亚非 斯马克 点眼栓	xi ya fei   si ma ke   dian yan shuan	Topical
UHF0459	再如日 安左如提 眼粉	zai ru ri   an zuo ru ti   yan fen	Topical
UHF0460	再如日 买力卡亚 眼粉	zai ru ri   mai li ka ya   yan fen	Topical
UHF0461	再如日 且西哈米 眼粉	zai ru ri   qie xi ha mi   yan fen	Topical
UHF0462	再如日 西库鲁力 里桑 口吃撒粉	zai ru ri   xi ku lu li   li sang   kou chi sa fen	Topical
UHF0463	孜马地 白热斯 敷剂Ⅰ	zi ma di   bai re si   fu ji Ⅰ	Topical
UHF0464	孜马地 白热斯 敷剂Ⅱ	zi ma di   bai re si   fu ji Ⅱ	Topical
UHF0465	孜马地 白热斯 敷剂Ⅲ	zi ma di   bai re si   fu ji Ⅲ	Topical
UHF0466	孜马地 古尔代 敷剂	zi ma di   gu er dai   fu ji	Topical
UHF0467	孜马地 红眼 敷剂	zi ma di   hong yan   fu ji	Topical
UHF0468	孜马地 马西热 敷剂	zi ma di   ma xi re   fu ji	Topical
UHF0469	孜马地 买萨乃 敷剂	zi ma di   mai sa nai   fu ji	Topical
UHF0470	孜马地 热维改尼古丽 敷剂	zi ma di   re wei gai ni gu li   fu ji	Topical
UHF0471	孜马地 赛尔萨米 敷剂Ⅰ	zi ma di   sai er sa mi   fu ji Ⅰ	Topical
UHF0472	孜马地 赛尔萨米 敷剂Ⅱ	zi ma di   sai er sa mi   fu ji Ⅱ	Topical
UHF0473	孜马地 晒维赛 敷剂	zi ma di   shai wei sai   fu ji	Topical
UHF0474	孜马地 苏日买 敷剂	zi ma di   su ri mai   fu ji	Topical
UHF0475	孜马地 孙布力 敷剂	zi ma di   sun bu li   fu ji	Topical
UHF0476	孜马地 外热糜 胡斯也 敷剂Ⅰ	zi ma di   wai re mi   hu si ye   fu ji Ⅰ	Topical
UHF0477	孜马地 外热糜 胡斯也 敷剂Ⅱ	zi ma di   wai re mi   hu si ye   fu ji Ⅱ	Topical
UHF0478	孜马地 外热糜 日也 敷剂	zi ma di   wai re mi   ri ye   fu ji	Topical
UHF0479	孜马地 谢卡依克 敷剂	zi ma di   xie ka yi ke   fu ji	Topical
UHF0480	孜马地 衣斯白胡力 敷剂	zi ma di   yi si bai hu li   fu ji	Topical
